unit,duration,partner,geo\time	2018 	2017 	2016 	2015 	2014 	2013 	2012 	2011 	2010 	2009 	2008 	2007 	2006 	2005 	2004 	2003 	2002 	2001 	2000 	1999 	1998 	1997 	1996 	1995 	1994 
NR,N1-3,WORLD,AT	: 	4324150 	4292276 	4195713 	4130375 	4264321 	4119170 	: 	: 	: 	: 	: 	: 	: 	: 	: 	: 	: 	: 	: 	: 	: 	: 	: 	: 
NR,N1-3,WORLD,BE	3865563 	3593973 b	3206234 	2970031 	2665112 	2863748 	2206533 	: 	: 	: 	: 	: 	: 	: 	: 	: 	: 	: 	: 	: 	: 	: 	: 	: 	: 
NR,N1-3,WORLD,BG	1255204 	1359755 	1027332 	1024039 	1072023 	656285 	545011 	: 	: 	: 	: 	: 	: 	: 	: 	: 	: 	: 	: 	: 	: 	: 	: 	: 	: 
NR,N1-3,WORLD,CH	4752932 	4713670 	4666464 	4557444 	4345410 	4372054 	4276835 	: 	: 	: 	: 	: 	: 	: 	: 	: 	: 	: 	: 	: 	: 	: 	: 	: 	: 
NR,N1-3,WORLD,CY	283357 e	248715 e	274419 e	239165 e	246994 e	212165 e	303695 e	: 	: 	: 	: 	: 	: 	: 	: 	: 	: 	: 	: 	: 	: 	: 	: 	: 	: 
NR,N1-3,WORLD,CZ	6076089 	6374793 	6247174 	6107778 	6226692 	5527683 	5658708 	: 	: 	: 	: 	: 	: 	: 	: 	: 	: 	: 	: 	: 	: 	: 	: 	: 	: 
NR,N1-3,WORLD,DE	49230610 	46337128 	50657581 	48199996 	49029356 	50068574 	49895720 	: 	: 	: 	: 	: 	: 	: 	: 	: 	: 	: 	: 	: 	: 	: 	: 	: 	: 
NR,N1-3,WORLD,DK	1537807 e	1572274 e	2079622 	2009893 	2218049 	2114792 	2041126 	: 	: 	: 	: 	: 	: 	: 	: 	: 	: 	: 	: 	: 	: 	: 	: 	: 	: 
NR,N1-3,WORLD,EA	138976575 	: 	134463115 	129476969 	125522688 	126795110 	128391728 	: 	: 	: 	: 	: 	: 	: 	: 	: 	: 	: 	: 	: 	: 	: 	: 	: 	: 
NR,N1-3,WORLD,EE	811403 	700280 	606113 	570830 	713966 	596824 	584471 	: 	: 	: 	: 	: 	: 	: 	: 	: 	: 	: 	: 	: 	: 	: 	: 	: 	: 
NR,N1-3,WORLD,EL	1190292 	1121788 	951804 	1077222 	1080235 	856216 	1300026 	: 	: 	: 	: 	: 	: 	: 	: 	: 	: 	: 	: 	: 	: 	: 	: 	: 	: 
NR,N1-3,WORLD,ES	19439037 	20150650 	18417748 	17901013 b	14485336 	14398283 	14344187 	: 	: 	: 	: 	: 	: 	: 	: 	: 	: 	: 	: 	: 	: 	: 	: 	: 	: 
NR,N1-3,WORLD,EU25	184124992 e	: 	: 	: 	: 	: 	: 	: 	: 	: 	: 	: 	: 	: 	: 	: 	: 	: 	: 	: 	: 	: 	: 	: 	: 
NR,N1-3,WORLD,EU27	188035770 e	: 	180527005 	174025600 	170597297 	164031203 	161959542 e	: 	: 	: 	: 	: 	: 	: 	: 	: 	: 	: 	: 	: 	: 	: 	: 	: 	: 
NR,N1-3,WORLD,EU28	188994541 e	: 	181294765 	174824760 	171642190 	165147140 	163052503 e	: 	: 	: 	: 	: 	: 	: 	: 	: 	: 	: 	: 	: 	: 	: 	: 	: 	: 
NR,N1-3,WORLD,FI	3847716 	3886110 	3878073 	3792187 	3821595 	3769445 	3850333 	: 	: 	: 	: 	: 	: 	: 	: 	: 	: 	: 	: 	: 	: 	: 	: 	: 	: 
NR,N1-3,WORLD,FR	29337802 	28902754 	26129306 	26356314 	26163620 	26050136 	26484794 	: 	: 	: 	: 	: 	: 	: 	: 	: 	: 	: 	: 	: 	: 	: 	: 	: 	: 
NR,N1-3,WORLD,HR	958771 	752541 	767760 	799160 b	1044893 	1115937 	1252108 u	: 	: 	: 	: 	: 	: 	: 	: 	: 	: 	: 	: 	: 	: 	: 	: 	: 	: 
NR,N1-3,WORLD,HU	3722791 	3776284 	3572737 	3362673 	3331117 	3085293 	3296927 	: 	: 	: 	: 	: 	: 	: 	: 	: 	: 	: 	: 	: 	: 	: 	: 	: 	: 
NR,N1-3,WORLD,IE	1892211 	1866111 	1766274 	1683506 	1693883 	1558586 	1670101 	: 	: 	: 	: 	: 	: 	: 	: 	: 	: 	: 	: 	: 	: 	: 	: 	: 	: 
NR,N1-3,WORLD,IT	10513926 	9841982 	11263009 	10156932 	9207873 b	9795305 	11788635 	: 	: 	: 	: 	: 	: 	: 	: 	: 	: 	: 	: 	: 	: 	: 	: 	: 	: 
NR,N1-3,WORLD,LT	741761 	747404 	755791 	760204 	758073 	756336 	705242 	: 	: 	: 	: 	: 	: 	: 	: 	: 	: 	: 	: 	: 	: 	: 	: 	: 	: 
NR,N1-3,WORLD,LU	: c	328703 	252348 	270807 	221069 	250057 	207700 	: 	: 	: 	: 	: 	: 	: 	: 	: 	: 	: 	: 	: 	: 	: 	: 	: 	: 
NR,N1-3,WORLD,LV	: 	769073 	828852 	784997 	752748 	736221 	655401 	: 	: 	: 	: 	: 	: 	: 	: 	: 	: 	: 	: 	: 	: 	: 	: 	: 	: 
NR,N1-3,WORLD,ME	: 	: 	: c	: 	: 	: 	: 	: 	: 	: 	: 	: 	: 	: 	: 	: 	: 	: 	: 	: 	: 	: 	: 	: 	: 
NR,N1-3,WORLD,MK	220521 	: 	: 	: 	: 	: 	: 	: 	: 	: 	: 	: 	: 	: 	: 	: 	: 	: 	: 	: 	: 	: 	: 	: 	: 
NR,N1-3,WORLD,MT	102412 	102975 	99512 	81801 	87579 	85515 	85100 	: 	: 	: 	: 	: 	: 	: 	: 	: 	: 	: 	: 	: 	: 	: 	: 	: 	: 
NR,N1-3,WORLD,NL	7866236 	7806309 	7804466 	7460235 	7716141 	7618271 	8053928 	: 	: 	: 	: 	: 	: 	: 	: 	: 	: 	: 	: 	: 	: 	: 	: 	: 	: 
NR,N1-3,WORLD,NO	3422258 	3252539 	3131483 	3152995 	3194378 	3181800 	: 	: 	: 	: 	: 	: 	: 	: 	: 	: 	: 	: 	: 	: 	: 	: 	: 	: 	: 
NR,N1-3,WORLD,PL	14377384 	13763180 	13408325 	12379398 	11585800 	10100000 	10810000 	: 	: 	: 	: 	: 	: 	: 	: 	: 	: 	: 	: 	: 	: 	: 	: 	: 	: 
NR,N1-3,WORLD,PT	2875301 	2660677 	2730658 	2624702 	2474601 	2602737 	2223751 	: 	: 	: 	: 	: 	: 	: 	: 	: 	: 	: 	: 	: 	: 	: 	: 	: 	: 
NR,N1-3,WORLD,RO	2655574 	2750546 	2400261 	2618004 	2492287 	2489783 	2055174 	: 	: 	: 	: 	: 	: 	: 	: 	: 	: 	: 	: 	: 	: 	: 	: 	: 	: 
NR,N1-3,WORLD,SE	5521076 	5647239 b	3572375 	3370545 	3174420 	: 	: u	: 	: 	: 	: 	: 	: 	: 	: 	: 	: 	: 	: 	: 	: 	: 	: 	: 	: 
NR,N1-3,WORLD,SI	665230 	625437 	664749 	538088 	581164 e	559414 e	639494 	: 	: 	: 	: 	: 	: 	: 	: 	: 	: 	: 	: 	: 	: 	: 	: 	: 	: 
NR,N1-3,WORLD,SK	2396195 	2097906 	1516980 	1358427 	1203789 	1245513 b	634090 	: 	: 	: 	: 	: 	: 	: 	: 	: 	: 	: 	: 	: 	: 	: 	: 	: 	: 
NR,N1-3,WORLD,UK	: 	: 	12241150 	12131100 	13463400 	11769700 	4583000 	: 	: 	: 	: 	: 	: 	: 	: 	: 	: 	: 	: 	: 	: 	: 	: 	: 	: 
NR,N_GE1,DOM,AT	: 	1304408 	1364017 	1344580 	1348198 	1327722 	1355097 	: 	: 	: 	: 	: 	: 	: 	: 	: 	: 	: 	: 	: 	: 	: 	: 	: 	: 
NR,N_GE1,DOM,BE	634752 	630985 b	393989 	500435 	440854 	489939 	518284 	: 	: 	: 	: 	: 	: 	: 	: 	: 	: 	: 	: 	: 	: 	: 	: 	: 	: 
NR,N_GE1,DOM,BG	1688358 	1821030 	1622484 	1535770 	1430774 	1196931 	1012968 	: 	: 	: 	: 	: 	: 	: 	: 	: 	: 	: 	: 	: 	: 	: 	: 	: 	: 
NR,N_GE1,DOM,CH	598960 	584848 	629662 	673061 	649558 	672216 	816571 	: 	: 	: 	: 	: 	: 	: 	: 	: 	: 	: 	: 	: 	: 	: 	: 	: 	: 
NR,N_GE1,DOM,CY	166169 e	170162 e	173084 e	191306 e	159756 e	188796 e	203007 e	: 	: 	: 	: 	: 	: 	: 	: 	: 	: 	: 	: 	: 	: 	: 	: 	: 	: 
NR,N_GE1,DOM,CZ	3091165 	3460806 	3624574 	3621755 	3806839 	3152748 	3177297 	: 	: 	: 	: 	: 	: 	: 	: 	: 	: 	: 	: 	: 	: 	: 	: 	: 	: 
NR,N_GE1,DOM,DE	12354956 	13680047 	15124254 	16570030 	16070924 	16487916 	17587516 	: 	: 	: 	: 	: 	: 	: 	: 	: 	: 	: 	: 	: 	: 	: 	: 	: 	: 
NR,N_GE1,DOM,DK	1237468 e	1269067 e	1069290 	1038616 	1065837 	996650 	958961 e	: 	: 	: 	: 	: 	: 	: 	: 	: 	: 	: 	: 	: 	: 	: 	: 	: 	: 
NR,N_GE1,DOM,EA	84002468 	: 	85911771 	87633581 	84715465 	89184469 	93008742 	: 	: 	: 	: 	: 	: 	: 	: 	: 	: 	: 	: 	: 	: 	: 	: 	: 	: 
NR,N_GE1,DOM,EE	190575 	: 	257381 	260260 	281740 	230813 	230663 	: 	: 	: 	: 	: 	: 	: 	: 	: 	: 	: 	: 	: 	: 	: 	: 	: 	: 
NR,N_GE1,DOM,EL	3249612 	3073570 	2747432 	2878410 	3062062 	2590468 	3064523 	: 	: 	: 	: 	: 	: 	: 	: 	: 	: 	: 	: 	: 	: 	: 	: 	: 	: 
NR,N_GE1,DOM,ES	16948220 	16992606 	17588030 	16927230 b	16184672 	16707425 	16178398 	: 	: 	: 	: 	: 	: 	: 	: 	: 	: 	: 	: 	: 	: 	: 	: 	: 	: 
NR,N_GE1,DOM,EU25	121310625 e	: 	: 	: 	: 	: 	: 	: 	: 	: 	: 	: 	: 	: 	: 	: 	: 	: 	: 	: 	: 	: 	: 	: 	: 
NR,N_GE1,DOM,EU27	127078483 e	: 	128359871 	129120648 	126224744 	128938588 	132723400 e	: 	: 	: 	: 	: 	: 	: 	: 	: 	: 	: 	: 	: 	: 	: 	: 	: 	: 
NR,N_GE1,DOM,EU28	128009128 e	: 	129417475 	130159386 	127316353 	129841183 	133538422 e	: 	: 	: 	: 	: 	: 	: 	: 	: 	: 	: 	: 	: 	: 	: 	: 	: 	: 
NR,N_GE1,DOM,FI	1362134 	1264051 	1327962 	1258190 	1450799 	1391172 	1488515 	: 	: 	: 	: 	: 	: 	: 	: 	: 	: 	: 	: 	: 	: 	: 	: 	: 	: 
NR,N_GE1,DOM,FR	25058562 	25492185 	24838386 	25530695 	24961148 	25667941 	26105790 	: 	: 	: 	: 	: 	: 	: 	: 	: 	: 	: 	: 	: 	: 	: 	: 	: 	: 
NR,N_GE1,DOM,HR	930645 	903998 	1057604 	1038738 b	1091609 	902595 	946953 u	: 	: 	: 	: 	: 	: 	: 	: 	: 	: 	: 	: 	: 	: 	: 	: 	: 	: 
NR,N_GE1,DOM,HU	2836041 	2757784 	2813680 	2708696 	2873819 	2851524 	2754432 	: 	: 	: 	: 	: 	: 	: 	: 	: 	: 	: 	: 	: 	: 	: 	: 	: 	: 
NR,N_GE1,DOM,IE	581033 	712604 	633404 	709202 	696393 	751112 	665185 	: 	: 	: 	: 	: 	: 	: 	: 	: 	: 	: 	: 	: 	: 	: 	: 	: 	: 
NR,N_GE1,DOM,IT	14461009 	13145371 	13663208 	14014287 	12638439 b	15943533 	18542557 	: 	: 	: 	: 	: 	: 	: 	: 	: 	: 	: 	: 	: 	: 	: 	: 	: 	: 
NR,N_GE1,DOM,LT	688930 	678080 	686732 	720282 	696939 	684333 	643022 	: 	: 	: 	: 	: 	: 	: 	: 	: 	: 	: 	: 	: 	: 	: 	: 	: 	: 
NR,N_GE1,DOM,LU	: c	: c	: c	: c	1743 	4051 	2640 	: 	: 	: 	: 	: 	: 	: 	: 	: 	: 	: 	: 	: 	: 	: 	: 	: 	: 
NR,N_GE1,DOM,LV	: 	388243 	413034 	399092 	394081 	424712 	404717 	: 	: 	: 	: 	: 	: 	: 	: 	: 	: 	: 	: 	: 	: 	: 	: 	: 	: 
NR,N_GE1,DOM,ME	: 	: 	: c	: 	: 	: 	: 	: 	: 	: 	: 	: 	: 	: 	: 	: 	: 	: 	: 	: 	: 	: 	: 	: 	: 
NR,N_GE1,DOM,MK	171838 	: 	: 	: 	: 	: 	: 	: 	: 	: 	: 	: 	: 	: 	: 	: 	: 	: 	: 	: 	: 	: 	: 	: 	: 
NR,N_GE1,DOM,MT	44990 	54350 	53122 	48692 	58044 	53814 	75574 	: 	: 	: 	: 	: 	: 	: 	: 	: 	: 	: 	: 	: 	: 	: 	: 	: 	: 
NR,N_GE1,DOM,NL	2927331 	3005207 	3177698 	3170976 	3308568 	3262589 	3199863 	: 	: 	: 	: 	: 	: 	: 	: 	: 	: 	: 	: 	: 	: 	: 	: 	: 	: 
NR,N_GE1,DOM,NO	601934 	690891 	660051 	546098 	591258 	554266 	: 	: 	: 	: 	: 	: 	: 	: 	: 	: 	: 	: 	: 	: 	: 	: 	: 	: 	: 
NR,N_GE1,DOM,PL	13911851 	13328185 	12853326 	12063806 	11907720 	12300000 	11320000 	: 	: 	: 	: 	: 	: 	: 	: 	: 	: 	: 	: 	: 	: 	: 	: 	: 	: 
NR,N_GE1,DOM,PT	2759301 	2706666 	2835741 	2747385 	2614722 	2611167 	2553946 	: 	: 	: 	: 	: 	: 	: 	: 	: 	: 	: 	: 	: 	: 	: 	: 	: 	: 
NR,N_GE1,DOM,RO	4079500 	4097763 	3699409 	4068425 	3930320 	3972221 	3682794 	: 	: 	: 	: 	: 	: 	: 	: 	: 	: 	: 	: 	: 	: 	: 	: 	: 	: 
NR,N_GE1,DOM,SE	1749044 	1416153 b	2324225 	2144625 	2125850 	: 	: u	: 	: 	: 	: 	: 	: 	: 	: 	: 	: 	: 	: 	: 	: 	: 	: 	: 	: 
NR,N_GE1,DOM,SI	217315 	184746 	225052 	217678 	232703 e	223629 e	244176 	: 	: 	: 	: 	: 	: 	: 	: 	: 	: 	: 	: 	: 	: 	: 	: 	: 	: 
NR,N_GE1,DOM,SK	1608767 	1574565 	1523774 	1262276 	1204700 	1252382 b	993008 	: 	: 	: 	: 	: 	: 	: 	: 	: 	: 	: 	: 	: 	: 	: 	: 	: 	: 
NR,N_GE1,DOM,UK	: 	: 	13372020 	13186000 	13277100 	14175000 	13124000 	: 	: 	: 	: 	: 	: 	: 	: 	: 	: 	: 	: 	: 	: 	: 	: 	: 	: 
NR,N_GE1,DOT,AT	: 	2685317 	2555815 	2488677 	2422224 	2602614 	2558195 	: 	: 	: 	: 	: 	: 	: 	: 	: 	: 	: 	: 	: 	: 	: 	: 	: 	: 
NR,N_GE1,DOT,BE	2709268 	2444516 b	1667107 	1552284 	1149952 	1477964 	1019752 	: 	: 	: 	: 	: 	: 	: 	: 	: 	: 	: 	: 	: 	: 	: 	: 	: 	: 
NR,N_GE1,DOT,BG	235500 	164877 	101678 	88278 	96309 	79528 	77207 	: 	: 	: 	: 	: 	: 	: 	: 	: 	: 	: 	: 	: 	: 	: 	: 	: 	: 
NR,N_GE1,DOT,CH	3041506 	2966172 	2905170 	2868726 	2854179 	2944436 	2762098 	: 	: 	: 	: 	: 	: 	: 	: 	: 	: 	: 	: 	: 	: 	: 	: 	: 	: 
NR,N_GE1,DOT,CY	202828 e	179425 e	184631 e	168210 e	161867 e	51563 e	113449 e	: 	: 	: 	: 	: 	: 	: 	: 	: 	: 	: 	: 	: 	: 	: 	: 	: 	: 
NR,N_GE1,DOT,CZ	3296456 	3348560 	3107752 	3085190 	3072152 	2801352 	3017239 	: 	: 	: 	: 	: 	: 	: 	: 	: 	: 	: 	: 	: 	: 	: 	: 	: 	: 
NR,N_GE1,DOT,DE	30687050 	27252768 	26984283 	26734846 	26633382 	26472209 	26001140 	: 	: 	: 	: 	: 	: 	: 	: 	: 	: 	: 	: 	: 	: 	: 	: 	: 	: 
NR,N_GE1,DOT,DK	624123 e	615116 e	828872 	856505 	878953 	811012 	603543 e	: 	: 	: 	: 	: 	: 	: 	: 	: 	: 	: 	: 	: 	: 	: 	: 	: 	: 
NR,N_GE1,DOT,EA	: 	: 	65169156 	63190977 	59716983 	57357638 	56474190 	: 	: 	: 	: 	: 	: 	: 	: 	: 	: 	: 	: 	: 	: 	: 	: 	: 	: 
NR,N_GE1,DOT,EE	511329 	384812 	348776 	334924 	363045 	292871 	297778 	: 	: 	: 	: 	: 	: 	: 	: 	: 	: 	: 	: 	: 	: 	: 	: 	: 	: 
NR,N_GE1,DOT,EL	300307 	256953 	177770 	201398 	208552 	168317 	136641 	: 	: 	: 	: 	: 	: 	: 	: 	: 	: 	: 	: 	: 	: 	: 	: 	: 	: 
NR,N_GE1,DOT,ES	7320353 	6570032 	5969011 	5505574 b	3169211 	2988885 	3150074 	: 	: 	: 	: 	: 	: 	: 	: 	: 	: 	: 	: 	: 	: 	: 	: 	: 	: 
NR,N_GE1,DOT,EU25	97212399 e	: 	: 	: 	: 	: 	: 	: 	: 	: 	: 	: 	: 	: 	: 	: 	: 	: 	: 	: 	: 	: 	: 	: 	: 
NR,N_GE1,DOT,EU27	97496998 e	: 	87676242 	85236152 	81902751 	75420388 	70351671 e	: 	: 	: 	: 	: 	: 	: 	: 	: 	: 	: 	: 	: 	: 	: 	: 	: 	: 
NR,N_GE1,DOT,EU28	97959516 e	: 	87994602 	85536191 	82233252 	76067600 	70581930 e	: 	: 	: 	: 	: 	: 	: 	: 	: 	: 	: 	: 	: 	: 	: 	: 	: 	: 
NR,N_GE1,DOT,FI	2514537 	2616243 	2530621 	2554691 	2332607 	2381930 	2330730 	: 	: 	: 	: 	: 	: 	: 	: 	: 	: 	: 	: 	: 	: 	: 	: 	: 	: 
NR,N_GE1,DOT,FR	12047440 	11116234 	10973195 	11058509 	11204367 	10797102 	10376043 	: 	: 	: 	: 	: 	: 	: 	: 	: 	: 	: 	: 	: 	: 	: 	: 	: 	: 
NR,N_GE1,DOT,HR	462518 	310880 	318360 	300039 b	330501 	647212 	303975 u	: 	: 	: 	: 	: 	: 	: 	: 	: 	: 	: 	: 	: 	: 	: 	: 	: 	: 
NR,N_GE1,DOT,HU	1443687 	1480669 	1340228 	1269718 	1119544 	992574 	1137920 	: 	: 	: 	: 	: 	: 	: 	: 	: 	: 	: 	: 	: 	: 	: 	: 	: 	: 
NR,N_GE1,DOT,IE	1873318 	1780109 	1730283 	1576187 	1630277 	1460461 	1548782 	: 	: 	: 	: 	: 	: 	: 	: 	: 	: 	: 	: 	: 	: 	: 	: 	: 	: 
NR,N_GE1,DOT,IT	4951290 	4271156 	4776823 	4085928 	3783097 b	2018905 	2077845 	: 	: 	: 	: 	: 	: 	: 	: 	: 	: 	: 	: 	: 	: 	: 	: 	: 	: 
NR,N_GE1,DOT,LT	44935 u	41825 u	43351 u	40837 u	38485 	37153 u	13933 u	: 	: 	: 	: 	: 	: 	: 	: 	: 	: 	: 	: 	: 	: 	: 	: 	: 	: 
NR,N_GE1,DOT,LU	13413 u	42628 	40299 	55555 	43188 	47107 	47434 	: 	: 	: 	: 	: 	: 	: 	: 	: 	: 	: 	: 	: 	: 	: 	: 	: 	: 
NR,N_GE1,DOT,LV	: 	370911 	377322 	373357 	339218 	292108 	237563 	: 	: 	: 	: 	: 	: 	: 	: 	: 	: 	: 	: 	: 	: 	: 	: 	: 	: 
NR,N_GE1,DOT,ME	: 	: 	: c	: 	: 	: 	: 	: 	: 	: 	: 	: 	: 	: 	: 	: 	: 	: 	: 	: 	: 	: 	: 	: 	: 
NR,N_GE1,DOT,MK	10616 	: 	: 	: 	: 	: 	: 	: 	: 	: 	: 	: 	: 	: 	: 	: 	: 	: 	: 	: 	: 	: 	: 	: 	: 
NR,N_GE1,DOT,MT	106952 	88763 	72735 	59605 	65866 	58401 	45199 	: 	: 	: 	: 	: 	: 	: 	: 	: 	: 	: 	: 	: 	: 	: 	: 	: 	: 
NR,N_GE1,DOT,NL	5711909 	5589819 	5579492 	5239625 	5183771 	5377815 	5684702 	: 	: 	: 	: 	: 	: 	: 	: 	: 	: 	: 	: 	: 	: 	: 	: 	: 	: 
NR,N_GE1,DOT,NO	2501959 	2218461 	2225269 	2229734 	2229874 	2290813 	: 	: 	: 	: 	: 	: 	: 	: 	: 	: 	: 	: 	: 	: 	: 	: 	: 	: 	: 
NR,N_GE1,DOT,PL	3355343 	3187942 	2956047 	2937478 	2944592 	1900000 	1770000 	: 	: 	: 	: 	: 	: 	: 	: 	: 	: 	: 	: 	: 	: 	: 	: 	: 	: 
NR,N_GE1,DOT,PT	762590 	623773 	610991 	599567 	518534 	437447 	475601 	: 	: 	: 	: 	: 	: 	: 	: 	: 	: 	: 	: 	: 	: 	: 	: 	: 	: 
NR,N_GE1,DOT,RO	49099 	50240 	37062 	52981 	46435 	29023 	4584 	: 	: 	: 	: 	: 	: 	: 	: 	: 	: 	: 	: 	: 	: 	: 	: 	: 	: 
NR,N_GE1,DOT,SE	3569069 	3644169 b	3169261 	3552731 	3206880 	: 	: u	: 	: 	: 	: 	: 	: 	: 	: 	: 	: 	: 	: 	: 	: 	: 	: 	: 	: 
NR,N_GE1,DOT,SI	389484 	358607 	357792 	280162 	319105 e	314512 e	371546 	: 	: 	: 	: 	: 	: 	: 	: 	: 	: 	: 	: 	: 	: 	: 	: 	: 	: 
NR,N_GE1,DOT,SK	1205306 	910571 	658160 	695235 	527938 	409535 b	239279 	: 	: 	: 	: 	: 	: 	: 	: 	: 	: 	: 	: 	: 	: 	: 	: 	: 	: 
NR,N_GE1,DOT,UK	: 	: 	10517880 	9788100 	10443200 	11120000 	5618000 	: 	: 	: 	: 	: 	: 	: 	: 	: 	: 	: 	: 	: 	: 	: 	: 	: 	: 
NR,N_GE1,OUT,AT	: 	1678636 	1741260 	1711778 	1741378 	1537308 	1524633 	: 	: 	: 	: 	: 	: 	: 	: 	: 	: 	: 	: 	: 	: 	: 	: 	: 	: 
NR,N_GE1,OUT,BE	2721188 	2763075 b	3764342 	3427879 	3664482 	3740856 	2996186 	: 	: 	: 	: 	: 	: 	: 	: 	: 	: 	: 	: 	: 	: 	: 	: 	: 	: 
NR,N_GE1,OUT,BG	143489 	141562 	116905 	139386 	85246 	121834 	110990 	: 	: 	: 	: 	: 	: 	: 	: 	: 	: 	: 	: 	: 	: 	: 	: 	: 	: 
NR,N_GE1,OUT,CH	2584175 	2583342 	2582048 	2350075 	2251067 	2094844 	2061887 	: 	: 	: 	: 	: 	: 	: 	: 	: 	: 	: 	: 	: 	: 	: 	: 	: 	: 
NR,N_GE1,OUT,CY	138321 e	142196 e	133300 e	116734 e	122878 e	133048 e	228469 e	: 	: 	: 	: 	: 	: 	: 	: 	: 	: 	: 	: 	: 	: 	: 	: 	: 	: 
NR,N_GE1,OUT,CZ	607605 	474731 	482327 	483902 	616859 	626863 	529628 	: 	: 	: 	: 	: 	: 	: 	: 	: 	: 	: 	: 	: 	: 	: 	: 	: 	: 
NR,N_GE1,OUT,DE	10903654 	10774431 	11653331 	10515458 	10590728 	11900464 	11212876 	: 	: 	: 	: 	: 	: 	: 	: 	: 	: 	: 	: 	: 	: 	: 	: 	: 	: 
NR,N_GE1,OUT,DK	1539091 e	1520695 e	1933877 	1870772 	1919803 	2029940 	1991485 e	: 	: 	: 	: 	: 	: 	: 	: 	: 	: 	: 	: 	: 	: 	: 	: 	: 	: 
NR,N_GE1,OUT,EA	30193765 	: 	31392896 	29912869 	29006634 	30589331 	29860255 	: 	: 	: 	: 	: 	: 	: 	: 	: 	: 	: 	: 	: 	: 	: 	: 	: 	: 
NR,N_GE1,OUT,EE	175450 	119166 	152901 	134293 	142964 	176278 	157276 	: 	: 	: 	: 	: 	: 	: 	: 	: 	: 	: 	: 	: 	: 	: 	: 	: 	: 
NR,N_GE1,OUT,EL	365930 	262041 	324204 	301135 	307995 	292173 	281774 	: 	: 	: 	: 	: 	: 	: 	: 	: 	: 	: 	: 	: 	: 	: 	: 	: 	: 
NR,N_GE1,OUT,ES	2232321 	2102882 	2057163 	2017065 b	1515406 	1418408 	1485142 	: 	: 	: 	: 	: 	: 	: 	: 	: 	: 	: 	: 	: 	: 	: 	: 	: 	: 
NR,N_GE1,OUT,EU25	48215936 e	: 	: 	: 	: 	: 	: 	: 	: 	: 	: 	: 	: 	: 	: 	: 	: 	: 	: 	: 	: 	: 	: 	: 	: 
NR,N_GE1,OUT,EU27	48631832 e	: 	49771134 	48957050 	46968975 	46335834 	52992593 e	: 	: 	: 	: 	: 	: 	: 	: 	: 	: 	: 	: 	: 	: 	: 	: 	: 	: 
NR,N_GE1,OUT,EU28	48926190 e	: 	49992696 	49177606 	47328339 	46496548 	53603655 e	: 	: 	: 	: 	: 	: 	: 	: 	: 	: 	: 	: 	: 	: 	: 	: 	: 	: 
NR,N_GE1,OUT,FI	211811 	206345 	221004 	222930 	248893 	241596 	242491 	: 	: 	: 	: 	: 	: 	: 	: 	: 	: 	: 	: 	: 	: 	: 	: 	: 	: 
NR,N_GE1,OUT,FR	2030045 	2087293 	2237982 	2100083 	2064372 	2015155 	1899017 	: 	: 	: 	: 	: 	: 	: 	: 	: 	: 	: 	: 	: 	: 	: 	: 	: 	: 
NR,N_GE1,OUT,HR	294358 	350107 	221562 	220556 b	359364 	160714 	658381 u	: 	: 	: 	: 	: 	: 	: 	: 	: 	: 	: 	: 	: 	: 	: 	: 	: 	: 
NR,N_GE1,OUT,HU	628209 	552888 	574834 	545241 	488855 	474068 	462576 	: 	: 	: 	: 	: 	: 	: 	: 	: 	: 	: 	: 	: 	: 	: 	: 	: 	: 
NR,N_GE1,OUT,IE	439819 	340421 	430462 	402875 	335480 	322434 	331198 	: 	: 	: 	: 	: 	: 	: 	: 	: 	: 	: 	: 	: 	: 	: 	: 	: 	: 
NR,N_GE1,OUT,IT	3925895 	4124164 	3362742 	3706189 	3304806 b	3686357 	4378096 	: 	: 	: 	: 	: 	: 	: 	: 	: 	: 	: 	: 	: 	: 	: 	: 	: 	: 
NR,N_GE1,OUT,LT	634949 	679374 	682099 	692408 	718972 	704570 	672559 	: 	: 	: 	: 	: 	: 	: 	: 	: 	: 	: 	: 	: 	: 	: 	: 	: 	: 
NR,N_GE1,OUT,LU	394232 	357318 	346623 	331571 	332054 	327261 	291693 	: 	: 	: 	: 	: 	: 	: 	: 	: 	: 	: 	: 	: 	: 	: 	: 	: 	: 
NR,N_GE1,OUT,LV	: 	171665 	172925 	143281 	145620 	172326 	149012 	: 	: 	: 	: 	: 	: 	: 	: 	: 	: 	: 	: 	: 	: 	: 	: 	: 	: 
NR,N_GE1,OUT,ME	: 	: 	: c	: 	: 	: 	: 	: 	: 	: 	: 	: 	: 	: 	: 	: 	: 	: 	: 	: 	: 	: 	: 	: 	: 
NR,N_GE1,OUT,MK	318831 	: 	: 	: 	: 	: 	: 	: 	: 	: 	: 	: 	: 	: 	: 	: 	: 	: 	: 	: 	: 	: 	: 	: 	: 
NR,N_GE1,OUT,MT	115116 	108073 	92138 	78359 	68065 	69852 	54634 	: 	: 	: 	: 	: 	: 	: 	: 	: 	: 	: 	: 	: 	: 	: 	: 	: 	: 
NR,N_GE1,OUT,NL	3407334 	3444500 	3124256 	3087836 	2993323 	2964143 	2746075 	: 	: 	: 	: 	: 	: 	: 	: 	: 	: 	: 	: 	: 	: 	: 	: 	: 	: 
NR,N_GE1,OUT,NO	664013 	746881 	662851 	766933 	699746 	663900 	: 	: 	: 	: 	: 	: 	: 	: 	: 	: 	: 	: 	: 	: 	: 	: 	: 	: 	: 
NR,N_GE1,OUT,PL	2768157 	2663926 	2565836 	2446305 	2347682 	2850000 	2570000 	: 	: 	: 	: 	: 	: 	: 	: 	: 	: 	: 	: 	: 	: 	: 	: 	: 	: 
NR,N_GE1,OUT,PT	388487 	382545 	321219 	351714 	296537 	315740 	269946 	: 	: 	: 	: 	: 	: 	: 	: 	: 	: 	: 	: 	: 	: 	: 	: 	: 	: 
NR,N_GE1,OUT,RO	272407 	232524 	224532 	236170 	224384 	228902 	187423 	: 	: 	: 	: 	: 	: 	: 	: 	: 	: 	: 	: 	: 	: 	: 	: 	: 	: 
NR,N_GE1,OUT,SE	1008689 	988205 b	994398 	895416 	797220 	: 	: u	: 	: 	: 	: 	: 	: 	: 	: 	: 	: 	: 	: 	: 	: 	: 	: 	: 	: 
NR,N_GE1,OUT,SI	615395 	609000 	587530 	603571 	553912 e	543807 e	504533 	: 	: 	: 	: 	: 	: 	: 	: 	: 	: 	: 	: 	: 	: 	: 	: 	: 	: 
NR,N_GE1,OUT,SK	549529 	761127 	857278 	803399 	723361 	904451 b	1256216 	: 	: 	: 	: 	: 	: 	: 	: 	: 	: 	: 	: 	: 	: 	: 	: 	: 	: 
NR,N_GE1,OUT,UK	: 	: 	10693610 	11591300 	10617700 	8538000 	15406000 	: 	: 	: 	: 	: 	: 	: 	: 	: 	: 	: 	: 	: 	: 	: 	: 	: 	: 
NR,N_GE1,WORLD,AT	: 	5668361 	5661092 	5545035 	5511799 	5467644 	5437926 	: 	: 	: 	: 	: 	: 	: 	: 	: 	: 	: 	: 	: 	: 	: 	: 	: 	: 
NR,N_GE1,WORLD,BE	6065208 	5838576 b	5825439 	5480598 	5255288 	5708759 	4534221 	: 	: 	: 	: 	: 	: 	: 	: 	: 	: 	: 	: 	: 	: 	: 	: 	: 	: 
NR,N_GE1,WORLD,BG	2067347 	2127469 	1841067 	1763434 	1612329 	1398293 	1201165 	: 	: 	: 	: 	: 	: 	: 	: 	: 	: 	: 	: 	: 	: 	: 	: 	: 	: 
NR,N_GE1,WORLD,CH	6224641 	6134362 	6116881 	5891862 	5754804 	5711495 	5640555 	: 	: 	: 	: 	: 	: 	: 	: 	: 	: 	: 	: 	: 	: 	: 	: 	: 	: 
NR,N_GE1,WORLD,CY	507317 e	491783 e	491014 e	476250 e	444501 e	373406 e	544925 e	: 	: 	: 	: 	: 	: 	: 	: 	: 	: 	: 	: 	: 	: 	: 	: 	: 	: 
NR,N_GE1,WORLD,CZ	6995226 	7284097 	7214653 	7190847 	7495851 	6580964 	6724164 	: 	: 	: 	: 	: 	: 	: 	: 	: 	: 	: 	: 	: 	: 	: 	: 	: 	: 
NR,N_GE1,WORLD,DE	53945660 	51707246 	53761868 	53820334 	53295033 	54860590 	54801532 	: 	: 	: 	: 	: 	: 	: 	: 	: 	: 	: 	: 	: 	: 	: 	: 	: 	: 
NR,N_GE1,WORLD,DK	3400682 e	3404878 e	3832039 	3765894 	3864593 	3837602 	3553989 e	: 	: 	: 	: 	: 	: 	: 	: 	: 	: 	: 	: 	: 	: 	: 	: 	: 	: 
NR,N_GE1,WORLD,EA	188095709 	: 	182473827 	180737431 	173439064 	177131438 	179343195 	: 	: 	: 	: 	: 	: 	: 	: 	: 	: 	: 	: 	: 	: 	: 	: 	: 	: 
NR,N_GE1,WORLD,EE	877354 	746057 	759058 	729477 	787749 	699962 	685717 	: 	: 	: 	: 	: 	: 	: 	: 	: 	: 	: 	: 	: 	: 	: 	: 	: 	: 
NR,N_GE1,WORLD,EL	3915849 	3592564 	3249406 	3380943 	3578609 	3050958 	3482938 	: 	: 	: 	: 	: 	: 	: 	: 	: 	: 	: 	: 	: 	: 	: 	: 	: 	: 
NR,N_GE1,WORLD,ES	26500895 	25665519 	25614204 	24449869 b	20869290 	21114718 	20813614 	: 	: 	: 	: 	: 	: 	: 	: 	: 	: 	: 	: 	: 	: 	: 	: 	: 	: 
NR,N_GE1,WORLD,EU25	266738955 e	: 	: 	: 	: 	: 	: 	: 	: 	: 	: 	: 	: 	: 	: 	: 	: 	: 	: 	: 	: 	: 	: 	: 	: 
NR,N_GE1,WORLD,EU27	273207308 e	: 	265807242 	263313954 	255096503 	250693811 	256067672 e	: 	: 	: 	: 	: 	: 	: 	: 	: 	: 	: 	: 	: 	: 	: 	: 	: 	: 
NR,N_GE1,WORLD,EU28	274894828 e	: 	267404767 	264873287 	256877976 	252404332 	257724015 e	: 	: 	: 	: 	: 	: 	: 	: 	: 	: 	: 	: 	: 	: 	: 	: 	: 	: 
NR,N_GE1,WORLD,FI	4088482 	4086639 	4079587 	4035811 	4032299 	4014698 	4061736 	: 	: 	: 	: 	: 	: 	: 	: 	: 	: 	: 	: 	: 	: 	: 	: 	: 	: 
NR,N_GE1,WORLD,FR	39136047 	38695712 	38049563 	38689286 	38229887 	38480199 	38380851 	: 	: 	: 	: 	: 	: 	: 	: 	: 	: 	: 	: 	: 	: 	: 	: 	: 	: 
NR,N_GE1,WORLD,HR	1687520 	1564984 	1597525 	1559333 b	1781473 	1710521 	1909309 	: 	: 	: 	: 	: 	: 	: 	: 	: 	: 	: 	: 	: 	: 	: 	: 	: 	: 
NR,N_GE1,WORLD,HU	4907937 	4791341 	4728742 	4523655 	4482218 	4318166 	4354928 	: 	: 	: 	: 	: 	: 	: 	: 	: 	: 	: 	: 	: 	: 	: 	: 	: 	: 
NR,N_GE1,WORLD,IE	2894173 	2833130 	2794153 	2688271 	2662137 	2534005 	2545174 	: 	: 	: 	: 	: 	: 	: 	: 	: 	: 	: 	: 	: 	: 	: 	: 	: 	: 
NR,N_GE1,WORLD,IT	23338194 	21540692 	21802773 	21806405 	19726341 b	21648795 	24998498 	: 	: 	: 	: 	: 	: 	: 	: 	: 	: 	: 	: 	: 	: 	: 	: 	: 	: 
NR,N_GE1,WORLD,LT	1368814 	1399279 	1412182 	1453527 	1454396 	1426056 	1329514 	: 	: 	: 	: 	: 	: 	: 	: 	: 	: 	: 	: 	: 	: 	: 	: 	: 	: 
NR,N_GE1,WORLD,LU	409408 	401800 	389553 	389075 	376984 	378419 	341767 	: 	: 	: 	: 	: 	: 	: 	: 	: 	: 	: 	: 	: 	: 	: 	: 	: 	: 
NR,N_GE1,WORLD,LV	: 	930819 	963281 	915729 	878919 	889146 	791292 	: 	: 	: 	: 	: 	: 	: 	: 	: 	: 	: 	: 	: 	: 	: 	: 	: 	: 
NR,N_GE1,WORLD,ME	: 	: 	: c	: 	: 	: 	: 	: 	: 	: 	: 	: 	: 	: 	: 	: 	: 	: 	: 	: 	: 	: 	: 	: 	: 
NR,N_GE1,WORLD,MK	501285 	: 	: 	: 	: 	: 	: 	: 	: 	: 	: 	: 	: 	: 	: 	: 	: 	: 	: 	: 	: 	: 	: 	: 	: 
NR,N_GE1,WORLD,MT	267058 	251186 	217996 	186655 	191974 	182068 	175406 	: 	: 	: 	: 	: 	: 	: 	: 	: 	: 	: 	: 	: 	: 	: 	: 	: 	: 
NR,N_GE1,WORLD,NL	12046574 	12039526 	11881447 	11498436 	11485661 	11604547 	11630639 	: 	: 	: 	: 	: 	: 	: 	: 	: 	: 	: 	: 	: 	: 	: 	: 	: 	: 
NR,N_GE1,WORLD,NO	3767905 	3656232 	3548172 	3542764 	3520879 	3508979 	: 	: 	: 	: 	: 	: 	: 	: 	: 	: 	: 	: 	: 	: 	: 	: 	: 	: 	: 
NR,N_GE1,WORLD,PL	20035352 	19180052 	18375208 	17447589 	17199994 	17050000 	15660000 	: 	: 	: 	: 	: 	: 	: 	: 	: 	: 	: 	: 	: 	: 	: 	: 	: 	: 
NR,N_GE1,WORLD,PT	3910378 	3712984 	3767951 	3698666 	3429793 	3364354 	3299493 	: 	: 	: 	: 	: 	: 	: 	: 	: 	: 	: 	: 	: 	: 	: 	: 	: 	: 
NR,N_GE1,WORLD,RO	4401006 	4380527 	3961003 	4357576 	4201139 	4230146 	3874801 	: 	: 	: 	: 	: 	: 	: 	: 	: 	: 	: 	: 	: 	: 	: 	: 	: 	: 
NR,N_GE1,WORLD,SE	6326802 	6048527 b	6487885 	6592772 	6130000 	: 	: u	: 	: 	: 	: 	: 	: 	: 	: 	: 	: 	: 	: 	: 	: 	: 	: 	: 	: 
NR,N_GE1,WORLD,SI	1222193 	1152354 	1170373 	1101410 	1105720 e	1081948 e	1120255 	: 	: 	: 	: 	: 	: 	: 	: 	: 	: 	: 	: 	: 	: 	: 	: 	: 	: 
NR,N_GE1,WORLD,SK	3363601 	3246263 	3039212 	2760910 	2455999 	2566368 b	2488503 	: 	: 	: 	: 	: 	: 	: 	: 	: 	: 	: 	: 	: 	: 	: 	: 	: 	: 
NR,N_GE1,WORLD,UK	: 	: 	34583500 	34565500 	34338000 	33832000 	34148000 	: 	: 	: 	: 	: 	: 	: 	: 	: 	: 	: 	: 	: 	: 	: 	: 	: 	: 
NR,N_GE4,DOM,AT	: 	646557 	642194 	624575 	636346 	593633 	698287 	685542 	658765 	739988 	743930 	716520 	1325560 	726598 	1118051 	1133661 	677983 	833032 	702818 	777047 	741000 	: 	734900 	: 	: 
NR,N_GE4,DOM,BE	277801 	257208 b	203247 	228940 	197892 	266905 	343546 	394154 	313757 	435413 	457844 	427964 	487911 	518871 	518015 	489771 	488925 	463590 	: 	505055 	695879 	: 	935280 	: 	: 
NR,N_GE4,DOM,BG	1204438 	1304174 	1078620 	1115359 	930776 	759641 	584725 b	866268 e	876582 e	1203690 e	876070 e	: 	: 	: 	: 	: 	: 	: 	: 	: 	: 	: 	: 	: 	: 
NR,N_GE4,DOM,CH	463678 	514884 	527247 	498831 	569435 	560674 	651956 	909783 	703414 	: 	: 	: 	: 	: 	: 	: 	: 	: 	: 	: 	: 	: 	: 	: 	: 
NR,N_GE4,DOM,CY	94545 e	91630 e	89838 e	112813 e	74036 e	50593 e	58471 e	: u	: u	: u	: u	: u	: u	: u	: u	: u	: 	: 	: 	: 	: 	: 	: 	: 	: 
NR,N_GE4,DOM,CZ	2037013 	2376596 	2398127 	2301395 	2662139 	2189055 	2070049 	2067227 	2868802 	2639661 e	2172292 e	2281743 	2160755 	2391652 	2305438 	2143346 	: 	: 	: 	: 	: 	: 	: 	: 	: 
NR,N_GE4,DOM,DE	8944843 	9504661 	10504640 	11094446 	11183170 	11048381 	11361778 	15231192 	15359041 	18550073 e	16043431 	15134393 	17361471 	18161284 	13916000 	13873000 	14433000 	18882000 	17178000 	15500000 	15100000 	16300000 	: 	: 	: 
NR,N_GE4,DOM,DK	863598 e	736008 e	923884 	924695 	957745 	891083 	803066 	696344 	473343 	461394 	466699 	430002 	430002 	627537 	595857 	796900 	671600 	660100 	773600 	666900 	741400 	688000 	848000 	: 	: 
NR,N_GE4,DOM,EA	63936114 	: 	66206207 	68163317 	65790200 	67368472 	69567015 	: 	: 	: 	: 	: 	: 	: 	: 	: 	: 	: 	: 	: 	: 	: 	: 	: 	: 
NR,N_GE4,DOM,EE	89188 u	127360 	121855 	103633 	120109 	112883 	119348 b	: u	: u	96101 	69100 	82991 	71093 	117125 	108075 	107367 	146470 	: 	: 	: 	: 	: 	: 	: 	: 
NR,N_GE4,DOM,EL	2752835 	2599499 	2236298 	2341046 	2593563 	2189625 	2360851 	2518202 	2678363 	3507791 	3480200 	3540678 	3662561 	3891239 	2914272 	3580232 	3493978 	3576705 	3902649 	3575687 	4900107 	5485220 	6445795 	3116995 	3116995 
NR,N_GE4,DOM,ES	13078005 	12550496 	13080229 	12528112 b	11193125 	11624720 	11155393 	11687490 	10875158 	12138226 	12574601 	12687145 	13011626 	11616470 	9681454 	15634136 	15624994 	15730621 	25108192 	19654295 	: 	: 	: 	: 	: 
NR,N_GE4,DOM,EU25	86975601 e	: 	: 	: 	: 	: 	: 	: 	: 	: 	: 	: 	: 	: 	: 	: 	: 	: 	: 	: 	: 	: 	: 	: 	: 
NR,N_GE4,DOM,EU27	89699642 e	: 	91649856 	93185436 	90152648 	95534041 	97797160 e	104426687 e	: 	: 	: 	: 	: 	: 	: 	: 	: 	: 	: 	: 	: 	: 	: 	: 	: 
NR,N_GE4,DOM,EU28	90517561 e	: 	92470942 	93944484 	90963344 	96215344 	98487126 	105196392 e	: 	: 	: 	: 	: 	: 	: 	: 	: 	: 	: 	: 	: 	: 	: 	: 	: 
NR,N_GE4,DOM,FI	1239729 	1196069 	1260701 	1337733 	1325117 	1273499 	1310023 b	1176000 	1152000 	1136000 	1135000 	1259000 	1067000 	1170000 	1182000 	1301000 	1272000 	1201000 	1195000 	1124000 	1189000 	1229000 	1104000 	1418000 	1189000 
NR,N_GE4,DOM,FR	18967610 	18898499 	21431436 	22276568 	22136458 	22518479 	22874230 	22940000 	22859280 	23516663 	23474576 	23584284 	23493485 	23677776 	20179000 	20663000 	: 	20228000 	19841000 	20370000 	20539000 	20964000 	: 	: 	: 
NR,N_GE4,DOM,HR	817919 	779256 	821086 	759048 b	810696 	681303 	784589 	769705 	1026570 	917467 	879407 	799891 	: 	: 	: 	: 	: 	: 	: 	: 	: 	: 	: 	: 	: 
NR,N_GE4,DOM,HU	1516357 	1425802 	1581455 	1583337 	1645689 	1643169 	1618780 b	1478035 	2598942 	2606629 	2966006 	1762227 	2237360 	2869751 	2805781 	: 	: 	: 	: 	: 	: 	: 	: 	: 	: 
NR,N_GE4,DOM,IE	247340 	323379 	296352 	323668 	324152 	322834 	305569 	: u	: u	: 	: 	: 	: 	: 	: 	: 	: 	: 	507000 	661000 	1031000 	: 	: 	: 	: 
NR,N_GE4,DOM,IT	12494612 	11338534 	11239070 	12319417 	11240517 b	12366286 	14273080 	14465953 	15597655 	15834297 	15365993 	18142338 	18033568 	17806222 	17694691 	17856840 	17609661 	17268213 	16768892 	15509403 	15898104 	17448913 	: 	: 	: 
NR,N_GE4,DOM,LT	122158 	123818 	132106 	153984 	152638 	137738 	122955 	251743 	251076 	276839 	230865 	146608 	159382 	138955 	345475 	: 	: 	: 	: 	: 	: 	: 	: 	: 	: 
NR,N_GE4,DOM,LU	: c	: c	: c	: c	3645 	954 	1822 	132 	690 	: u	: u	: u	1000 	1000 	1000 	1000 	2000 	1000 	1000 	3000 	1000 	2000 	: 	: 	: 
NR,N_GE4,DOM,LV	: 	112081 	110971 	100606 	88888 	119488 	107228 	121366 	190596 	198141 	199911 	200358 	225088 	262929 	281967 	: 	: 	: 	: 	: 	: 	: 	: 	: 	: 
NR,N_GE4,DOM,ME	: 	: 	: c	: 	: 	: 	: 	: 	: 	: 	: 	: 	: 	: 	: 	: 	: 	: 	: 	: 	: 	: 	: 	: 	: 
NR,N_GE4,DOM,MK	57563 	: 	: 	: 	: 	: 	: 	: 	: 	: 	: 	: 	: 	: 	: 	: 	: 	: 	: 	: 	: 	: 	: 	: 	: 
NR,N_GE4,DOM,MT	22959 	23489 	19939 	19305 	25939 	20605 	26294 b	21124 	: 	: 	: 	: 	: 	: 	: 	: 	: 	: 	: 	: 	: 	: 	: 	: 	: 
NR,N_GE4,DOM,NL	2138562 	2161918 	2337972 	2283531 	2330609 	2379411 	2470035 b	1757000 	1861000 	1917000 	1787000 	1901000 	2054000 	1920000 	2066000 	1982000 	1910000 	2226000 	2247000 	2287000 	2316000 	: 	: 	: 	: 
NR,N_GE4,DOM,NO	565797 	618220 	690844 	501590 	593160 	501102 	: 	588391 	722415 	722415 	626155 	633314 	834690 	709673 	767460 	889273 	758912 	889170 	925086 	940264 	: 	: 	: 	: 	: 
NR,N_GE4,DOM,PL	8932427 	8750326 	8507031 	8050355 	7217153 	8130000 	7360000 	6651000 e	7001000 	7819000 	7518000 	7227000 	7367000 	7900000 	7734000 e	8750000 	: 	: 	: 	: 	: 	: 	: 	: 	: 
NR,N_GE4,DOM,PT	1807953 	1773317 	1801265 	1728860 	1621955 	1775641 	1428380 	1504967 	1482870 	1716348 	1118723 	1230066 	1747201 	1763737 	1877311 	1956013 	2184769 	2257052 	2022280 	2060376 	: 	: 	: 	: 	: 
NR,N_GE4,DOM,RO	1519603 	1425535 	1362303 	1514890 	1497020 	1569449 	1648173 	: u	: u	: u	: u	: u	: u	: u	: u	: 	: 	: 	: 	: 	: 	: 	: 	: 	: 
NR,N_GE4,DOM,SE	1153685 	948704 b	878661 	824698 	864800 	: 	2988546 	3014202 	3064598 	2859122 	2816807 	2797047 	2852621 	: 	: 	: 	: 	: 	: 	: 	: 	4018000 	: 	: 	: 
NR,N_GE4,DOM,SI	144863 	120977 	148081 	136681 	144768 e	137652 e	151800 	171000 	194000 	221000 	201793 	218417 	210351 	206615 	206374 	225936 	: 	: 	: 	: 	: 	: 	: 	: 	: 
NR,N_GE4,DOM,SK	912400 	760545 	799001 	703873 	638799 	686371 b	628108 	737767 	743930 	880795 	850576 	: 	: 	: 	: 	: 	: 	: 	: 	: 	: 	: 	: 	: 	: 
NR,N_GE4,DOM,UK	: 	: 	8469680 	8452800 	8345600 	9737400 	10832000 	11088000 	10856000 	10960000 	10031000 	9578000 	10703000 	10231000 	7680000 	8670000 	9220000 	9401000 	9926000 	12280000 	15810000 	16860000 	16210000 	: 	: 
NR,N_GE4,DOT,AT	: 	2408121 	2350563 	2272509 	2217916 	2364685 	2326191 	2260196 	2202831 	2208920 	2245893 	1982206 	2302160 	1794554 	489357 	415558 	568175 	581114 	615051 	596534 	506000 	: 	570200 	: 	: 
NR,N_GE4,DOT,BE	2481246 	2214334 b	1551597 	1412709 	1039597 	1413416 	950768 	476183 	444032 	419660 	451547 	462787 	452942 	584707 	495787 	492863 	401152 	382146 	: 	412660 	548563 	: 	473048 	: 	: 
NR,N_GE4,DOT,BG	141046 	111316 	32916 	72425 	44038 	33540 	23011 b	: 	: 	: 	: 	: 	: 	: 	: 	: 	: 	: 	: 	: 	: 	: 	: 	: 	: 
NR,N_GE4,DOT,CH	1340630 	1293081 	1217475 	1261273 	1297875 	1399792 	1206266 	482314 	1054988 	: 	: 	: 	: 	: 	: 	: 	: 	: 	: 	: 	: 	: 	: 	: 	: 
NR,N_GE4,DOT,CY	189006 e	163584 e	172425 e	155992 e	151851 e	51563 e	77361 e	: 	: 	: 	: 	: 	: 	: 	: 	: 	: 	: 	: 	: 	: 	: 	: 	: 	: 
NR,N_GE4,DOT,CZ	1887618 	1768239 	1707832 	1472703 	1512972 	1364432 	1669787 e	1692186 	612500 	1246850 e	1061467 e	1281673 	1213713 	1125172 	1084613 	945041 	: 	: 	: 	: 	: 	: 	: 	: 	: 
NR,N_GE4,DOT,DE	14040181 	13537613 	12840663 	12429234 	12904697 	12211150 	12470758 	10263824 	10005238 	2563427 e	8274773 	4966917 	4448631 	6246600 	5362000 	6530000 	4412000 	3995000 	4034000 	: u	10100000 	: u	: 	: 	: 
NR,N_GE4,DOT,DK	435560 e	403657 e	828872 	830147 	785796 	725109 	568881 	500590 	372269 	379834 	370880 	330361 	330361 	485597 	337685 	484100 	432200 	474200 	396600 	436500 	411100 	519000 	546900 	: 	: 
NR,N_GE4,DOT,EA	: 	: 	36721841 	35085893 	32663709 	31705524 	30665119 	: 	: 	: 	: 	: 	: 	: 	: 	: 	: 	: 	: 	: 	: 	: 	: 	: 	: 
NR,N_GE4,DOT,EE	172783 	124982 u	70103 u	81577 	107117 	106773 	83812 b	: 	: u	81499 	88754 	82606 	: u	: u	: u	: u	: u	: 	: 	: 	: 	: 	: 	: 	: 
NR,N_GE4,DOT,EL	195557 	166203 	125255 	156585 	154825 	130201 	101942 	46061 	53519 	63750 	78721 	64708 	47509 	72773 	30750 	37798 	53371 	66579 	74431 	29838 	25046 	31923 	54362 	103154 	103154 
NR,N_GE4,DOT,ES	4288219 	3817514 	3533913 	3281038 b	1467847 	1497456 	1573307 	1821851 	1807962 	1836937 	1901565 	1674222 	1749400 	1386292 	971566 	436415 	379702 	366287 	: 	: 	: 	: 	: 	: 	: 
NR,N_GE4,DOT,EU25	50541391 e	: 	: 	: 	: 	: 	: 	: 	: 	: 	: 	: 	: 	: 	: 	: 	: 	: 	: 	: 	: 	: 	: 	: 	: 
NR,N_GE4,DOT,EU27	50722251 e	: 	46207149 	45242714 	41745772 	39920790 	39832793 e	: 	: 	: 	: 	: 	: 	: 	: 	: 	: 	: 	: 	: 	: 	: 	: 	: 	: 
NR,N_GE4,DOT,EU28	50930864 e	: 	46334549 	45363532 	41886406 	40098019 	39962278 	: 	: 	: 	: 	: 	: 	: 	: 	: 	: 	: 	: 	: 	: 	: 	: 	: 	: 
NR,N_GE4,DOT,FI	1182844 	1059690 	1136850 	1118915 	964958 	1076718 	990233 b	791000 	748000 	775000 	794000 	759000 	776000 	761000 	675000 	595000 	588000 	656000 	560000 	563000 	478000 	597000 	424000 	183000 	478000 
NR,N_GE4,DOT,FR	8227590 	7363817 	7516730 	7628237 	7765801 	7607639 	7182013 	7388466 	7323661 	7121357 	7548346 	7703632 	7727920 	7910364 	6937000 	6230000 	: 	5851000 	6286000 	6133000 	6171000 	5917000 	: 	: 	: 
NR,N_GE4,DOT,HR	208613 	166765 	127400 	120818 b	140634 	177229 	168025 	145069 	219163 	239870 	185371 	297127 	: 	: 	: 	: 	: 	: 	: 	: 	: 	: 	: 	: 	: 
NR,N_GE4,DOT,HU	556533 	575087 	543135 	477679 	503244 	506139 	551491 b	463230 	282882 	302930 	400801 	541429 	87283 	202197 	209442 	: 	: 	: 	: 	: 	: 	: 	: 	: 	: 
NR,N_GE4,DOT,IE	983419 	946160 	858388 	797862 	819899 	781539 	774461 	: u	: u	: 	: 	: 	: 	: 	: 	: 	: 	: 	: 	: 	: 	: 	: 	: 	: 
NR,N_GE4,DOT,IT	3448595 	2919982 	3278152 	2567479 	2305577 b	1577494 	1370917 	3580468 	4039198 	4047379 	3587723 	3186406 	3167305 	3127462 	3107693 	3136344 	3092787 	3032804 	2935191 	2732913 	3117172 	2491438 	: 	: 	: 
NR,N_GE4,DOT,LT	25376 u	23716 u	22463 u	21941 u	21388 	21339 u	12051 u	: u	: u	: u	: u	22726 	10618 	12030 	11254 	: 	: 	: 	: 	: 	: 	: 	: 	: 	: 
NR,N_GE4,DOT,LU	: c	16141 	10348 u	13599 u	8177 	8307 	10812 	264 	19315 	: u	: u	: u	: 	0 	: 	: 	: 	: 	: 	: 	1000 	1000 	: 	: 	: 
NR,N_GE4,DOT,LV	: 	83845 	89546 	96034 	83807 	44373 	50765 	74377 	3621 	5786 	1400 	3799 	5652 	3682 	: 	: 	: 	: 	: 	: 	: 	: 	: 	: 	: 
NR,N_GE4,DOT,ME	: 	: 	: c	: 	: 	: 	: 	: 	: 	: 	: 	: 	: 	: 	: 	: 	: 	: 	: 	: 	: 	: 	: 	: 	: 
NR,N_GE4,DOT,MK	8756 	: 	: 	: 	: 	: 	: 	: 	: 	: 	: 	: 	: 	: 	: 	: 	: 	: 	: 	: 	: 	: 	: 	: 	: 
NR,N_GE4,DOT,MT	41126 	32319 	20326 	18960 	22892 	19721 	14136 	: 	: 	: 	: 	: 	: 	: 	: 	: 	: 	: 	: 	: 	: 	: 	: 	: 	: 
NR,N_GE4,DOT,NL	2330390 	2260937 	2248130 	2178948 	2016542 	2194365 	2281377 b	4247000 	4148000 	3973000 	3998000 	3799000 	3670000 	3714000 	3719000 	3755000 	3664000 	1821000 	1562000 	1558000 	1662000 	: 	: 	: 	: 
NR,N_GE4,DOT,NO	1511988 	1355057 	1305574 	1374996 	1245664 	1319158 	: 	1214981 	1026479 	1026479 	1151758 	659253 	705926 	799359 	784414 	709348 	692269 	631853 	557428 	706162 	: 	: 	: 	: 	: 
NR,N_GE4,DOT,PL	1907303 	1818016 	1791286 	1783744 	1666492 	1560000 	1450000 	1266000 e	1334000 	1500000 	1702000 	1613000 	1245000 	1072000 	1052000 e	1030000 	: 	: 	: 	: 	: 	: 	: 	: 	: 
NR,N_GE4,DOT,PT	704340 	574837 	578712 	569221 	466923 	399802 	221774 	159566 	204442 	209368 	82690 	122900 	257718 	240189 	295750 	136177 	247321 	261496 	211213 	147217 	: 	: 	: 	: 	: 
NR,N_GE4,DOT,RO	39814 	45175 	31856 	48682 	43506 	25670 	4584 	: u	: u	: u	: u	: u	: u	: u	: u	: 	: 	: 	: 	: 	: 	: 	: 	: 	: 
NR,N_GE4,DOT,SE	1436740 	1831019 b	1612897 	1972366 	1638920 	: 	326564 	275770 	257094 	203433 	265925 	212703 	246748 	: 	: 	: 	: 	: 	: 	: 	: 	1617000 	: 	: 	: 
NR,N_GE4,DOT,SI	98691 	110220 	105138 	94148 	100850 e	100052 e	121599 	178000 	158000 	186000 	183351 	169320 	163515 	193865 	136597 	133019 	: 	: 	: 	: 	: 	: 	: 	: 	: 
NR,N_GE4,DOT,SK	626725 	445311 	348383 	308880 u	148240 	164643 b	113658 	114302 	117850 	126690 	105071 	: 	: 	: 	: 	: 	: 	: 	: 	: 	: 	: 	: 	: 	: 
NR,N_GE4,DOT,UK	: 	: 	2823230 	3381100 	2781900 	3608100 	4472000 	4555000 	4515000 	4077000 	4351000 	5226000 	4384000 	5282000 	5320000 	6460000 	551000 	535000 	504000 	3850000 	3720000 	3640000 	4600000 	: 	: 
NR,N_GE4,OUT,AT	: 	1364762 	1425490 	1396132 	1395824 	1238040 	1250421 	1329260 	1318113 	1211392 	1295886 	1395595 	692774 	1221883 	1980767 	2053719 	1857719 	2065185 	2287005 	1839976 	1884700 	: 	1810600 	: 	: 
NR,N_GE4,OUT,BE	2370835 	2421001 b	3369644 	3118223 	3256279 	3349793 	2642433 	3531657 	3559140 	3399846 	3230433 	3071277 	2991244 	3204027 	2995418 	2872491 	2586323 	2671492 	: 	2512751 	3119951 	: 	3807922 	: 	: 
NR,N_GE4,OUT,BG	153784 	173554 	138622 	152941 	73289 	105147 	100881 b	250851 e	209153 e	264390 e	249705 e	: 	: 	: 	: 	: 	: 	: 	: 	: 	: 	: 	: 	: 	: 
NR,N_GE4,OUT,CH	3798348 	3770443 	3761288 	3455619 	3289924 	3061482 	3047800 	3461579 	3043365 	: 	: 	: 	: 	: 	: 	: 	: 	: 	: 	: 	: 	: 	: 	: 	: 
NR,N_GE4,OUT,CY	122969 e	122477 e	114942 e	105446 e	109778 e	98992 e	181017 e	: u	: u	: u	: u	: u	: u	: u	: u	: u	: u	: 	: 	: 	: 	: 	: 	: 	: 
NR,N_GE4,OUT,CZ	1465516 	1473032 	1355878 	1630677 	1685127 	1496931 	1365318 e	1475381 	2037894 	940074 e	1340187 e	1204431 	1140566 	1326130 	1278327 	1193117 	: 	: 	: 	: 	: 	: 	: 	: 	: 
NR,N_GE4,OUT,DE	24246637 	20872129 	22321623 	21330781 	21088553 	22241329 	21617616 	22140077 	21005130 	25484027 e	20396329 	24892052 	35300725 	33547343 	25550000 	25680000 	27819000 	32359000 	32278000 	33800000 	37600000 	32000000 	: 	: 	: 
NR,N_GE4,OUT,DK	1074093 e	1794452 e	1790937 	1676575 	1716329 	1814925 	1977929 	1898929 	2127993 	2070605 	2104332 	1995435 	1995435 	1700369 	1787071 	1521000 	1567200 	1577100 	2136300 	1799200 	1553300 	1738000 	1784800 	: 	: 
NR,N_GE4,OUT,EA	50691667 	: 	48554782 	46900384 	45459512 	45960629 	46198781 	: 	: 	: 	: 	: 	: 	: 	: 	: 	: 	: 	: 	: 	: 	: 	: 	: 	: 
NR,N_GE4,OUT,EE	351600 	231085 	293263 	272436 	251508 	219894 	213338 b	: u	: u	266840 	227225 	205861 	164820 	142572 	98729 	139562 	123981 	: 	: 	: 	: 	: 	: 	: 	: 
NR,N_GE4,OUT,EL	362516 	264584 	306706 	283007 	292670 	289415 	257632 	283005 	442436 	405028 	547230 	434943 	468456 	495944 	387515 	407787 	404468 	477208 	439021 	303432 	234698 	295454 	377795 	228421 	228421 
NR,N_GE4,OUT,ES	3370308 	3118787 	3050026 	2879894 b	2107259 	1981372 	2128672 	2321430 	2191827 	2285455 	2135357 	2189471 	1941176 	1653296 	1169743 	1828668 	1694908 	1621394 	2879707 	2003899 	: 	: 	: 	: 	: 
NR,N_GE4,OUT,EU25	73034108 e	: 	: 	: 	: 	: 	: 	: 	: 	: 	: 	: 	: 	: 	: 	: 	: 	: 	: 	: 	: 	: 	: 	: 	: 
NR,N_GE4,OUT,EU27	73425381 e	: 	69755991 	68213741 	67099722 	71281032 	70722422 e	72494801 e	73257142 e	: 	: 	: 	: 	: 	: 	: 	: 	: 	: 	: 	: 	: 	: 	: 	: 
NR,N_GE4,OUT,EU28	73683548 e	: 	69927081 	68418602 	67384983 	71494401 	70939907 	72740653 e	73439402 e	: 	: 	: 	: 	: 	: 	: 	: 	: 	: 	: 	: 	: 	: 	: 	: 
NR,N_GE4,OUT,FI	727727 	836101 	676813 	696575 	719286 	693621 	702880 b	683000 	683000 	647000 	631000 	620000 	648000 	581000 	503000 	508000 	449000 	440000 	461000 	469000 	447000 	415000 	443000 	465000 	447000 
NR,N_GE4,OUT,FR	3753049 	3814133 	3874332 	3736176 	3739142 	3606607 	3419298 	3397271 	3197238 	3413525 	3020945 	2776798 	2799075 	2598696 	2695000 	2600000 	: 	2494000 	2401000 	2461000 	2244000 	2259000 	: 	: 	: 
NR,N_GE4,OUT,HR	258167 	289221 	171090 	204861 b	285261 	213369 	285912 	245852 	182260 	262891 	244398 	228953 	: 	: 	: 	: 	: 	: 	: 	: 	: 	: 	: 	: 	: 
NR,N_GE4,OUT,HU	1147785 	1069988 	1020619 	1005116 	783950 	733708 	802518 b	721871 	1155849 	928733 	997969 	562564 	658061 	1165736 	1126121 	: 	: 	: 	: 	: 	: 	: 	: 	: 	: 
NR,N_GE4,OUT,IE	1014189 	872123 	957828 	866416 	880141 	706920 	812175 	: u	: u	: 	: 	: 	: 	: 	: 	: 	: 	: 	: 	: 	1260000 	: 	: 	: 	: 
NR,N_GE4,OUT,IT	4513764 	4643562 	3869342 	4113420 	3737765 b	3661647 	4899439 	4956462 	4943121 	5189245 	4719097 	3602956 	3581376 	3536892 	3513353 	3546884 	3496685 	3428778 	3129733 	3265637 	2949283 	2778403 	: 	: 	: 
NR,N_GE4,OUT,LT	495227 	520239 	509851 	525675 	537809 	523641 	489266 	710512 	625944 	550373 	767736 	601198 	578035 	576967 	274820 	: 	: 	: 	: 	: 	: 	: 	: 	: 	: 
NR,N_GE4,OUT,LU	224104 	353956 	351041 	336298 	295009 	339950 	292609 	294967 	233589 	310149 	302455 	248521 	190000 	233000 	229000 	240000 	223000 	222000 	216000 	220000 	217000 	212000 	: 	: 	: 
NR,N_GE4,OUT,LV	: 	318831 	327627 	300595 	279211 	305785 	232037 	266784 	151929 	141256 	190109 	160773 	129216 	114544 	: 	: 	: 	: 	: 	: 	: 	: 	: 	: 	: 
NR,N_GE4,OUT,ME	: 	: 	: c	: 	: 	: 	: 	: 	: 	: 	: 	: 	: 	: 	: 	: 	: 	: 	: 	: 	: 	: 	: 	: 	: 
NR,N_GE4,OUT,MK	222800 	: 	: 	: 	: 	: 	: 	: 	: 	: 	: 	: 	: 	: 	: 	: 	: 	: 	: 	: 	: 	: 	: 	: 	: 
NR,N_GE4,OUT,MT	159297 	142825 	125248 	102971 	93639 	89792 	80582 b	106338 	145992 	140617 	120971 	111427 e	: 	: 	: 	: 	: 	: 	: 	: 	: 	: 	: 	: 	: 
NR,N_GE4,OUT,NL	6222708 	6196698 	5848977 	5560232 	5569655 	5548703 	5497690 b	3694000 	3634000 	3456000 	3570000 	3453000 	3348000 	3470000 	3414000 	3398000 	3317000 	4794000 	4959000 	4990000 	4823000 	: 	: 	: 	: 
NR,N_GE4,OUT,NO	1291913 	1314594 	1226585 	1277383 	1380802 	1331765 	: 	1238202 	1072402 	1072402 	1136672 	1438113 	1260108 	1123724 	1053461 	1039931 	1075474 	1047390 	1037753 	904743 	: 	: 	: 	: 	: 
NR,N_GE4,OUT,PL	2414777 	2299062 	2214369 	1971968 	2932272 	2190000 	2050000 	2310000 e	2431000 	2522000 	2527000 	2150000 	1853000 	1460000 	1289000 e	1220000 	: 	: 	: 	: 	: 	: 	: 	: 	: 
NR,N_GE4,OUT,PT	327942 	323027 	258736 	288127 	252923 	272901 	268925 	351066 	371846 	358294 	326642 	372800 	429006 	508329 	491204 	381010 	442939 	344711 	392045 	449363 	: 	: 	: 	: 	: 
NR,N_GE4,OUT,RO	237489 	204846 	199092 	206927 	204453 	200371 	166870 	: u	: u	: u	: u	: u	: u	: u	: u	: 	: 	: 	: 	: 	: 	: 	: 	: 	: 
NR,N_GE4,OUT,SE	2476791 	2164959 b	1524596 	1525883 	1373070 	: 	3010395 	2886556 	2751221 	2788345 	2854876 	2755079 	2519104 	: 	: 	: 	: 	: 	: 	: 	: 	3223000 	: 	: 	: 
NR,N_GE4,OUT,SI	805042 	745337 	687836 	688739 	666529 e	634868 e	641947 	687000 	644000 	609000 	651526 	678393 	662321 	613341 	622261 	602970 	: 	: 	: 	: 	: 	: 	: 	: 	: 
NR,N_GE4,OUT,SK	896284 	1032140 	1052242 	1125511 	1003552 	986785 b	1292107 	1340449 	1554151 	1357389 	1410955 	: 	: 	: 	: 	: 	: 	: 	: 	: 	: 	: 	: 	: 	: 
NR,N_GE4,OUT,UK	: 	: 	12233980 	12317000 	12054700 	14939500 	14260000 	14355000 	15563000 	14068000 	14686000 	14201000 	15063000 	15265000 	16190000 	15720000 	11366000 	11767000 	11179000 	12880000 	15880000 	15150000 	15930000 	: 	: 
NR,N_GE4,WORLD,AT	: 	4419440 	4418247 	4293217 	4250086 	4196358 	4274899 	4274999 	4179708 	4160300 	4285709 	4094322 	4320494 	3743035 	3588175 	3602938 	3103877 	3479331 	3604874 	3213558 	3131700 	: 	3115700 	: 	: 
NR,N_GE4,WORLD,BE	5129882 	4892543 b	5124488 	4759873 	4493768 	5030113 	3936747 	4401993 	4316928 	4254919 	4139824 	3962028 	3932097 	4307605 	4009220 	3855125 	3476400 	3517228 	: 	3430466 	4364393 	: 	5216250 	: 	: 
NR,N_GE4,WORLD,BG	1499268 	1589043 	1250157 	1340724 	1048103 	898328 	708617 b	1117119 e	1085735 e	1468080 e	1125775 e	: 	: 	: 	: 	: 	: 	: 	: 	: 	: 	: 	: 	: 	: 
NR,N_GE4,WORLD,CH	5602655 	5578408 	5506010 	5215723 	5157234 	5021948 	4906022 	4853676 	4801767 	4753219 	4523010 	: 	: 	: 	: 	: 	: 	: 	: 	: 	: 	: 	: 	: 	: 
NR,N_GE4,WORLD,CY	406519 e	377691 e	377204 e	374251 e	335665 e	201147 e	316849 e	: u	: u	: u	: u	: u	: u	: u	: u	: u	: u	: 	: 	: 	: 	: 	: 	: 	: 
NR,N_GE4,WORLD,CZ	5390147 	5617867 	5461837 	5404775 	5860238 	5050417 	5105154 e	5234794 	5519196 	4826585 e	4573947 e	4767847 	4515035 	4842954 	4668378 	4281504 	: 	: 	: 	: 	: 	: 	: 	: 	: 
NR,N_GE4,WORLD,DE	47231661 	43914403 	45666926 	44854461 	45176420 	45500860 	45450152 	47635092 	46369410 	46597527 	44714533 	44993362 	57110828 	57955228 	44828000 	46083000 	46665000 	55236000 	53490000 	50700000 	62800000 	56700000 	: 	: 	: 
NR,N_GE4,WORLD,DK	2373251 e	2934117 e	3543693 	3431417 	3459870 	3431117 	3349876 	3095863 	2973605 	2911833 	2941911 	2755798 	2755798 	2813503 	2720612 	2802000 	2671100 	2711400 	3306600 	2902600 	2705700 	2944000 	3179600 	: 	: 
NR,N_GE4,WORLD,EA	156009608 	: 	151482822 	150149598 	143913409 	145034611 	146430924 	: 	: 	: 	: 	: 	: 	: 	: 	: 	: 	: 	: 	: 	: 	: 	: 	: 	: 
NR,N_GE4,WORLD,EE	613571 	483428 	485221 	457647 	478734 	439550 	416498 b	: u	: u	444440 	385079 	371458 	259375 	279756 	231368 	258419 	294962 	: 	: 	: 	: 	: 	: 	: 	: 
NR,N_GE4,WORLD,EL	3310908 	3030286 	2668259 	2780638 	3041058 	2609241 	2720425 	2847268 	3174318 	3976570 	4106151 	4040329 	4178526 	4459957 	3332537 	4025817 	3951817 	4120492 	4416101 	3908957 	5159851 	5812597 	6877952 	3448570 	3448570 
NR,N_GE4,WORLD,ES	20736532 	19486797 	19664167 	18689044 b	14768231 	15103549 	14857373 	15830771 	14874946 	16260618 	16611523 	16550838 	16702202 	14656060 	11822760 	17899213 	17699604 	17718301 	27987899 	21658194 	: 	: 	: 	: 	: 
NR,N_GE4,WORLD,EU25	210551127 e	: 	: 	: 	: 	: 	: 	: 	: 	: 	: 	: 	: 	: 	: 	: 	: 	: 	: 	: 	: 	: 	: 	: 	: 
NR,N_GE4,WORLD,EU27	213847301 e	: 	207612987 	206641894 	198998150 	206735848 	208342373 e	217879089 e	219009211 e	: 	: 	: 	: 	: 	: 	: 	: 	: 	: 	: 	: 	: 	: 	: 	: 
NR,N_GE4,WORLD,EU28	215132000 e	: 	208732563 	207726621 	200234741 	207807749 	209379321 	219039715 e	220437204 e	: 	: 	: 	: 	: 	: 	: 	: 	: 	: 	: 	: 	: 	: 	: 	: 
NR,N_GE4,WORLD,FI	3150300 	3091860 	3074364 	3153223 	3009361 	3043838 	3003136 b	2650000 	2583000 	2557000 	2560000 	2638000 	2491000 	2511000 	2360000 	2404000 	2308000 	2297000 	2216000 	2156000 	2114000 	2241000 	1970000 	2066000 	2114000 
NR,N_GE4,WORLD,FR	30948248 	30076449 	32822497 	33640981 	33641401 	33732725 	33475541 	33725738 	33380179 	34051544 	34043867 	34064713 	34020479 	34186837 	29829000 	29552000 	: 	28573000 	28556000 	28992000 	29011000 	29088000 	: 	: 	: 
NR,N_GE4,WORLD,HR	1284699 	1235242 	1119576 	1084727 b	1236591 	1071901 	1238527 	1160626 	1427993 	1420228 	1309176 	1325971 	: 	: 	1423073 	: 	: 	: 	: 	: 	: 	: 	: 	: 	: 
NR,N_GE4,WORLD,HU	3220675 	3070877 	3145209 	3066132 	2932883 	2883016 	2972789 b	2663136 	4037673 	3838292 	4364776 	2866220 	2982704 	4237684 	4141344 	: 	: 	: 	: 	: 	: 	: 	: 	: 	: 
NR,N_GE4,WORLD,IE	2244945 	2141669 	2112565 	1987949 	2024182 	1811280 	1892215 	: u	: u	: 	: 	: 	: 	: 	: 	: 	: 	: 	: 	: 	2291000 	: 	: 	: 	: 
NR,N_GE4,WORLD,IT	20456971 	18902078 	18386564 	19000316 	17283859 b	17605427 	20543435 	23002883 	24579973 	25070920 	23672813 	24931700 	24782249 	24470576 	24315737 	24540069 	24199133 	23729795 	22833817 	21507954 	21964559 	22718754 	: 	: 	: 
NR,N_GE4,WORLD,LT	642761 	667774 	664420 	701600 	711835 	682718 	624272 	975708 	890202 	839440 	1036580 	770532 	748035 	727952 	620295 	: 	: 	: 	: 	: 	: 	: 	: 	: 	: 
NR,N_GE4,WORLD,LU	224624 	371782 	363632 	350013 	306831 	349212 	305243 	295363 	253594 	313793 	305701 	249949 	190000 	234000 	230000 	241000 	225000 	224000 	217000 	223000 	219000 	214000 	: 	: 	: 
NR,N_GE4,WORLD,LV	: 	514757 	528144 	497235 	451906 	469646 	390030 	462527 	346146 	345183 	391420 	364930 	359956 	381155 	: 	: 	: 	: 	: 	: 	: 	: 	: 	: 	: 
NR,N_GE4,WORLD,ME	: 	: 	: c	: 	: 	: 	: 	: 	: 	: 	: 	: 	: 	: 	: 	: 	: 	: 	: 	: 	: 	: 	: 	: 	: 
NR,N_GE4,WORLD,MK	289119 	: 	: 	: 	: 	: 	: 	: 	: 	: 	: 	: 	: 	: 	: 	: 	: 	: 	: 	: 	: 	: 	: 	: 	: 
NR,N_GE4,WORLD,MT	223382 	198633 	165513 	141236 	142470 	130118 	121013 	127462 	145992 	140617 	120971 	: 	: 	: 	: 	: 	: 	: 	: 	: 	: 	: 	: 	: 	: 
NR,N_GE4,WORLD,NL	10691660 	10619553 	10435079 	10022710 	9916805 	10122479 	10249101 b	9697000 	9644000 	9346000 	9355000 	9153000 	9072000 	9104000 	9200000 	9135000 	8892000 	8841000 	8768000 	8835000 	8801000 	: 	: 	: 	: 
NR,N_GE4,WORLD,NO	3369698 	3287871 	3223002 	3153969 	3219625 	3152025 	: 	3041574 	2821296 	2821296 	2914584 	2730680 	2800725 	2632755 	2605335 	2638552 	2526656 	2568413 	2525184 	2551169 	: 	: 	: 	: 	: 
NR,N_GE4,WORLD,PL	13254508 	12867405 	12512686 	11806067 	11815917 	11880000 	10860000 	10227000 e	10766000 	11841000 	11747000 	10990000 	10465000 	10432000 	10075000 e	11000000 	: 	: 	: 	: 	: 	: 	: 	: 	: 
NR,N_GE4,WORLD,PT	2840235 	2671181 	2638713 	2586208 	2341800 	2448343 	1919079 	2015599 	2059157 	2284011 	1528055 	1725767 	2433924 	2512255 	2664265 	2473200 	2875028 	2863260 	2625538 	2656956 	: 	: 	: 	: 	: 
NR,N_GE4,WORLD,RO	1796906 	1675556 	1593251 	1770499 	1744979 	1795490 	1819627 	: u	: u	: u	: u	: u	: u	: u	: u	: 	: 	: 	: 	: 	: 	: 	: 	: 	: 
NR,N_GE4,WORLD,SE	5067216 	4944682 b	4016154 	4322947 	3876810 	: 	6325505 	6176528 	6072913 	5850901 	5937608 	5764830 	5618473 	: 	: 	: 	: 	: 	: 	: 	: 	5624000 	: 	: 	: 
NR,N_GE4,WORLD,SI	1048596 	976535 	941055 	919567 	912147 e	872572 e	915345 	1036000 	996000 	1016000 	1036670 	1066130 	1036187 	1013821 	965232 	961925 	: 	: 	: 	: 	: 	: 	: 	: 	: 
NR,N_GE4,WORLD,SK	2435410 	2237996 	2199626 	2138264 	1790591 	1837799 b	2033873 	2192518 	2415931 	2364874 	2366602 	: 	: 	: 	: 	: 	: 	: 	: 	: 	: 	: 	: 	: 	: 
NR,N_GE4,WORLD,UK	: 	: 	23526890 	24150900 	23182200 	28285000 	29554000 	29998000 	30934000 	29105000 	29087000 	29005000 	30150000 	30778000 	29190000 	30850000 	21137000 	21703000 	21609000 	29010000 	35410000 	28070000 	27540000 	: 	: 
PC_POP,N1-3,WORLD,AT	: 	58.45 	58.22 	57.45 	57.26 	59.61 	57.73 	: 	: 	: 	: 	: 	: 	: 	: 	: 	: 	: 	: 	: 	: 	: 	: 	: 	: 
PC_POP,N1-3,WORLD,BE	43.14 	39.88 b	32.21 	30.56 	28.17 	30.89 	24.12 	: 	: 	: 	: 	: 	: 	: 	: 	: 	: 	: 	: 	: 	: 	: 	: 	: 	: 
PC_POP,N1-3,WORLD,BG	20.53 	22.19 	16.61 	16.48 	17.07 	10.32 	8.53 	: 	: 	: 	: 	: 	: 	: 	: 	: 	: 	: 	: 	: 	: 	: 	: 	: 	: 
PC_POP,N1-3,WORLD,CH	68.59 	68.49 	68.5 	67.62 	65.25 	66.49 	65.2 	: 	: 	: 	: 	: 	: 	: 	: 	: 	: 	: 	: 	: 	: 	: 	: 	: 	: 
PC_POP,N1-3,WORLD,CY	38.8 e	34.57 e	38.58 e	33.95 e	35.11 e	29.57 e	42.2 e	: 	: 	: 	: 	: 	: 	: 	: 	: 	: 	: 	: 	: 	: 	: 	: 	: 	: 
PC_POP,N1-3,WORLD,CZ	67.84 	71.37 	69.96 	68.39 	69.7 	61.81 	63.13 	: 	: 	: 	: 	: 	: 	: 	: 	: 	: 	: 	: 	: 	: 	: 	: 	: 	: 
PC_POP,N1-3,WORLD,DE	68.74 	64.83 	71.05 	69.41 	70.96 	70.99 	70.46 	: 	: 	: 	: 	: 	: 	: 	: 	: 	: 	: 	: 	: 	: 	: 	: 	: 	: 
PC_POP,N1-3,WORLD,DK	31.62 e	32.53 e	43.33 	42.08 	47.1 	45.29 	42.16 	: 	: 	: 	: 	: 	: 	: 	: 	: 	: 	: 	: 	: 	: 	: 	: 	: 	: 
PC_POP,N1-3,WORLD,EE	73.5 	63.54 	54.88 	51.72 	64.45 	52.73 	51.64 	: 	: 	: 	: 	: 	: 	: 	: 	: 	: 	: 	: 	: 	: 	: 	: 	: 	: 
PC_POP,N1-3,WORLD,EL	13.01 	12.29 	10.42 	11.69 	11.72 	9.14 	13.84 	: 	: 	: 	: 	: 	: 	: 	: 	: 	: 	: 	: 	: 	: 	: 	: 	: 	: 
PC_POP,N1-3,WORLD,ES	49.42 	51.54 	47.26 	45.98 b	37.43 	37.05 	36.77 	: 	: 	: 	: 	: 	: 	: 	: 	: 	: 	: 	: 	: 	: 	: 	: 	: 	: 
PC_POP,N1-3,WORLD,EU27	: 	: 	: 	: 	: 	39.53 e	38.25 e	: 	: 	: 	: 	: 	: 	: 	: 	: 	: 	: 	: 	: 	: 	: 	: 	: 	: 
PC_POP,N1-3,WORLD,EU28	: 	: 	: 	: 	: 	39.37 e	38.23 e	: 	: 	: 	: 	: 	: 	: 	: 	: 	: 	: 	: 	: 	: 	: 	: 	: 	: 
PC_POP,N1-3,WORLD,FI	85.66 	86.85 	86.93 	85.18 	86.01 	85.15 	87.29 	: 	: 	: 	: 	: 	: 	: 	: 	: 	: 	: 	: 	: 	: 	: 	: 	: 	: 
PC_POP,N1-3,WORLD,FR	55.7 	55.12 	50.2 	50.94 	50.84 	50.81 	51.82 	: 	: 	: 	: 	: 	: 	: 	: 	: 	: 	: 	: 	: 	: 	: 	: 	: 	: 
PC_POP,N1-3,WORLD,HR	26.39 	20.72 	21.14 	22 b	28.77 	30.72 	34 u	: 	: 	: 	: 	: 	: 	: 	: 	: 	: 	: 	: 	: 	: 	: 	: 	: 	: 
PC_POP,N1-3,WORLD,HU	43.7 	44.64 	41.72 	39.36 	39.41 	36.92 	39.37 	: 	: 	: 	: 	: 	: 	: 	: 	: 	: 	: 	: 	: 	: 	: 	: 	: 	: 
PC_POP,N1-3,WORLD,IE	48.8 	48.87 	46.92 	46.52 	47.03 	43.33 	46.56 	: 	: 	: 	: 	: 	: 	: 	: 	: 	: 	: 	: 	: 	: 	: 	: 	: 	: 
PC_POP,N1-3,WORLD,IT	20.21 	18.91 	21.64 	19.51 	17.69 b	18.88 	22.86 	: 	: 	: 	: 	: 	: 	: 	: 	: 	: 	: 	: 	: 	: 	: 	: 	: 	: 
PC_POP,N1-3,WORLD,LT	31.07 	30.81 	30.66 	30.46 	30.16 	29.83 	27.55 	: 	: 	: 	: 	: 	: 	: 	: 	: 	: 	: 	: 	: 	: 	: 	: 	: 	: 
PC_POP,N1-3,WORLD,LU	: c	66.47 	52.42 	57.72 	48.36 	54.7 	49.24 	: 	: 	: 	: 	: 	: 	: 	: 	: 	: 	: 	: 	: 	: 	: 	: 	: 	: 
PC_POP,N1-3,WORLD,LV	: 	47.69 	50.75 	47.4 	44.97 	43.44 	50.9 	: 	: 	: 	: 	: 	: 	: 	: 	: 	: 	: 	: 	: 	: 	: 	: 	: 	: 
PC_POP,N1-3,WORLD,ME	: 	: 	: c	: 	: 	: 	: 	: 	: 	: 	: 	: 	: 	: 	: 	: 	: 	: 	: 	: 	: 	: 	: 	: 	: 
PC_POP,N1-3,WORLD,MK	17.51 	: 	: 	: 	: 	: 	: 	: 	: 	: 	: 	: 	: 	: 	: 	: 	: 	: 	: 	: 	: 	: 	: 	: 	: 
PC_POP,N1-3,WORLD,MT	25.14 	26.24 	27.24 	22.66 	24.49 	23.67 	23.61 	: 	: 	: 	: 	: 	: 	: 	: 	: 	: 	: 	: 	: 	: 	: 	: 	: 	: 
PC_POP,N1-3,WORLD,NL	55.52 	55.45 	56.02 	54.19 	56.22 	55.4 	59.02 	: 	: 	: 	: 	: 	: 	: 	: 	: 	: 	: 	: 	: 	: 	: 	: 	: 	: 
PC_POP,N1-3,WORLD,NO	84.03 	80.36 	80.4 	79.84 	81.83 	82.83 	: 	: 	: 	: 	: 	: 	: 	: 	: 	: 	: 	: 	: 	: 	: 	: 	: 	: 	: 
PC_POP,N1-3,WORLD,PL	44.4 	42.51 	41.41 	38.39 	35.78 	30.87 	33.02 	: 	: 	: 	: 	: 	: 	: 	: 	: 	: 	: 	: 	: 	: 	: 	: 	: 	: 
PC_POP,N1-3,WORLD,PT	32.94 	30.25 	30.72 	17.31 	17.22 	29 	24.68 	: 	: 	: 	: 	: 	: 	: 	: 	: 	: 	: 	: 	: 	: 	: 	: 	: 	: 
PC_POP,N1-3,WORLD,RO	16.32 	16.8 	14.55 	15.81 	14.94 	13.87 	11.4 	: 	: 	: 	: 	: 	: 	: 	: 	: 	: 	: 	: 	: 	: 	: 	: 	: 	: 
PC_POP,N1-3,WORLD,SE	74.12 	76.45 b	43.38 	41.44 	38.96 	: 	: 	: 	: 	: 	: 	: 	: 	: 	: 	: 	: 	: 	: 	: 	: 	: 	: 	: 	: 
PC_POP,N1-3,WORLD,SI	37.72 	35.62 	37.82 	30.6 	33.03 e	31.78 e	36.31 	: 	: 	: 	: 	: 	: 	: 	: 	: 	: 	: 	: 	: 	: 	: 	: 	: 	: 
PC_POP,N1-3,WORLD,SK	52.18 	45.68 	33.01 	29.57 	26.22 	27.19 b	13.87 	: 	: 	: 	: 	: 	: 	: 	: 	: 	: 	: 	: 	: 	: 	: 	: 	: 	: 
PC_POP,N1-3,WORLD,UK	: 	: 	22.68 	22.49 	25.12 	22.29 	8.82 	: 	: 	: 	: 	: 	: 	: 	: 	: 	: 	: 	: 	: 	: 	: 	: 	: 	: 
PC_POP,N_GE1,DOM,AT	: 	17.63 	18.5 	18.41 	18.69 	18.56 	18.99 	: 	: 	: 	: 	: 	: 	: 	: 	: 	: 	: 	: 	: 	: 	: 	: 	: 	: 
PC_POP,N_GE1,DOM,BE	7.08 	7 b	3.96 	5.15 	4.66 	5.29 	5.67 	: 	: 	: 	: 	: 	: 	: 	: 	: 	: 	: 	: 	: 	: 	: 	: 	: 	: 
PC_POP,N_GE1,DOM,BG	27.62 	29.72 	26.24 	24.71 	22.78 	18.83 	15.85 	: 	: 	: 	: 	: 	: 	: 	: 	: 	: 	: 	: 	: 	: 	: 	: 	: 	: 
PC_POP,N_GE1,DOM,CH	8.64 	8.5 	9.24 	9.99 	9.75 	10.22 	12.45 	: 	: 	: 	: 	: 	: 	: 	: 	: 	: 	: 	: 	: 	: 	: 	: 	: 	: 
PC_POP,N_GE1,DOM,CY	22.76 e	23.65 e	24.33 e	27.15 e	22.71 e	26.31 e	28.21 e	: 	: 	: 	: 	: 	: 	: 	: 	: 	: 	: 	: 	: 	: 	: 	: 	: 	: 
PC_POP,N_GE1,DOM,CZ	34.51 	38.75 	40.59 	40.55 	42.62 	35.25 	35.45 	: 	: 	: 	: 	: 	: 	: 	: 	: 	: 	: 	: 	: 	: 	: 	: 	: 	: 
PC_POP,N_GE1,DOM,DE	17.25 	19.14 	21.21 	23.86 	23.26 	23.38 	24.84 	: 	: 	: 	: 	: 	: 	: 	: 	: 	: 	: 	: 	: 	: 	: 	: 	: 	: 
PC_POP,N_GE1,DOM,DK	25.45 e	26.26 e	22.28 	21.74 	22.63 	21.34 	19.81 e	: 	: 	: 	: 	: 	: 	: 	: 	: 	: 	: 	: 	: 	: 	: 	: 	: 	: 
PC_POP,N_GE1,DOM,EA	30.34 	: 	29.98 	30.81 	30.01 	32.07 	33.48 	: 	: 	: 	: 	: 	: 	: 	: 	: 	: 	: 	: 	: 	: 	: 	: 	: 	: 
PC_POP,N_GE1,DOM,EE	17.26 	: 	23.3 	23.58 	25.43 	20.39 	20.38 	: 	: 	: 	: 	: 	: 	: 	: 	: 	: 	: 	: 	: 	: 	: 	: 	: 	: 
PC_POP,N_GE1,DOM,EL	35.53 	33.67 	30.07 	31.23 	33.23 	27.66 	32.63 	: 	: 	: 	: 	: 	: 	: 	: 	: 	: 	: 	: 	: 	: 	: 	: 	: 	: 
PC_POP,N_GE1,DOM,ES	43.09 	43.46 	45.13 	43.48 b	41.82 	43 	41.47 	: 	: 	: 	: 	: 	: 	: 	: 	: 	: 	: 	: 	: 	: 	: 	: 	: 	: 
PC_POP,N_GE1,DOM,EU25	31.56 e	: 	: 	: 	: 	: 	: 	: 	: 	: 	: 	: 	: 	: 	: 	: 	: 	: 	: 	: 	: 	: 	: 	: 	: 
PC_POP,N_GE1,DOM,EU27	31.18 e	: 	29.93 e	30.18 	29.65 	31.14 e	31.5 e	: 	: 	: 	: 	: 	: 	: 	: 	: 	: 	: 	: 	: 	: 	: 	: 	: 	: 
PC_POP,N_GE1,DOM,EU28	31.12 e	: 	29.92 e	30.16 	29.66 	31.08 e	31.45 	: 	: 	: 	: 	: 	: 	: 	: 	: 	: 	: 	: 	: 	: 	: 	: 	: 	: 
PC_POP,N_GE1,DOM,FI	30.32 	28.25 	29.77 	28.26 	32.65 	31.43 	33.74 	: 	: 	: 	: 	: 	: 	: 	: 	: 	: 	: 	: 	: 	: 	: 	: 	: 	: 
PC_POP,N_GE1,DOM,FR	47.58 	48.61 	47.72 	49.34 	48.51 	50.06 	51.07 	: 	: 	: 	: 	: 	: 	: 	: 	: 	: 	: 	: 	: 	: 	: 	: 	: 	: 
PC_POP,N_GE1,DOM,HR	25.62 	24.89 	29.12 	28.6 b	30.05 	24.85 	25.71 u	: 	: 	: 	: 	: 	: 	: 	: 	: 	: 	: 	: 	: 	: 	: 	: 	: 	: 
PC_POP,N_GE1,DOM,HU	33.29 	32.6 	32.85 	31.71 	34 	34.12 	32.89 	: 	: 	: 	: 	: 	: 	: 	: 	: 	: 	: 	: 	: 	: 	: 	: 	: 	: 
PC_POP,N_GE1,DOM,IE	14.99 	18.66 	16.83 	19.6 	19.33 	20.88 	18.55 	: 	: 	: 	: 	: 	: 	: 	: 	: 	: 	: 	: 	: 	: 	: 	: 	: 	: 
PC_POP,N_GE1,DOM,IT	27.8 	25.26 	26.25 	26.92 	24.28 b	30.74 	35.95 	: 	: 	: 	: 	: 	: 	: 	: 	: 	: 	: 	: 	: 	: 	: 	: 	: 	: 
PC_POP,N_GE1,DOM,LT	28.86 	27.95 	27.86 	28.86 	27.73 	26.99 	25.12 	: 	: 	: 	: 	: 	: 	: 	: 	: 	: 	: 	: 	: 	: 	: 	: 	: 	: 
PC_POP,N_GE1,DOM,LU	: c	: c	: c	: c	0.38 	0.89 	0.63 	: 	: 	: 	: 	: 	: 	: 	: 	: 	: 	: 	: 	: 	: 	: 	: 	: 	: 
PC_POP,N_GE1,DOM,LV	: 	24.08 	25.29 	24.1 	23.54 	25.06 	31.43 	: 	: 	: 	: 	: 	: 	: 	: 	: 	: 	: 	: 	: 	: 	: 	: 	: 	: 
PC_POP,N_GE1,DOM,ME	: 	: 	: c	: 	: 	: 	: 	: 	: 	: 	: 	: 	: 	: 	: 	: 	: 	: 	: 	: 	: 	: 	: 	: 	: 
PC_POP,N_GE1,DOM,MK	13.65 	: 	: 	: 	: 	: 	: 	: 	: 	: 	: 	: 	: 	: 	: 	: 	: 	: 	: 	: 	: 	: 	: 	: 	: 
PC_POP,N_GE1,DOM,MT	11.04 	13.85 	14.54 	13.49 	16.23 	14.89 	20.97 	: 	: 	: 	: 	: 	: 	: 	: 	: 	: 	: 	: 	: 	: 	: 	: 	: 	: 
PC_POP,N_GE1,DOM,NL	20.66 	21.35 	22.81 	23.03 	24.11 	23.73 	23.45 	: 	: 	: 	: 	: 	: 	: 	: 	: 	: 	: 	: 	: 	: 	: 	: 	: 	: 
PC_POP,N_GE1,DOM,NO	14.78 	17.07 	16.95 	13.83 	15.15 	14.43 	: 	: 	: 	: 	: 	: 	: 	: 	: 	: 	: 	: 	: 	: 	: 	: 	: 	: 	: 
PC_POP,N_GE1,DOM,PL	42.97 	41.16 	39.7 	37.41 	36.78 	37.59 	34.58 	: 	: 	: 	: 	: 	: 	: 	: 	: 	: 	: 	: 	: 	: 	: 	: 	: 	: 
PC_POP,N_GE1,DOM,PT	31.61 	30.77 	31.9 	18.12 	18.2 	29.09 	28.34 	: 	: 	: 	: 	: 	: 	: 	: 	: 	: 	: 	: 	: 	: 	: 	: 	: 	: 
PC_POP,N_GE1,DOM,RO	25.07 	25.03 	22.43 	24.58 	23.57 	22.14 	20.43 	: 	: 	: 	: 	: 	: 	: 	: 	: 	: 	: 	: 	: 	: 	: 	: 	: 	: 
PC_POP,N_GE1,DOM,SE	23.48 	19.17 b	28.23 	26.37 	26.09 	: 	: 	: 	: 	: 	: 	: 	: 	: 	: 	: 	: 	: 	: 	: 	: 	: 	: 	: 	: 
PC_POP,N_GE1,DOM,SI	12.32 	10.52 	12.81 	12.38 	13.23 e	12.7 e	13.86 	: 	: 	: 	: 	: 	: 	: 	: 	: 	: 	: 	: 	: 	: 	: 	: 	: 	: 
PC_POP,N_GE1,DOM,SK	35.03 	34.29 	33.16 	27.48 	26.24 	27.34 b	21.72 	: 	: 	: 	: 	: 	: 	: 	: 	: 	: 	: 	: 	: 	: 	: 	: 	: 	: 
PC_POP,N_GE1,DOM,UK	: 	: 	24.78 	24.44 	24.78 	26.85 	25.25 	: 	: 	: 	: 	: 	: 	: 	: 	: 	: 	: 	: 	: 	: 	: 	: 	: 	: 
PC_POP,N_GE1,DOT,AT	: 	36.3 	34.67 	34.07 	33.58 	36.38 	35.85 	: 	: 	: 	: 	: 	: 	: 	: 	: 	: 	: 	: 	: 	: 	: 	: 	: 	: 
PC_POP,N_GE1,DOT,BE	30.24 	27.13 b	16.75 	15.97 	12.16 	15.94 	11.15 	: 	: 	: 	: 	: 	: 	: 	: 	: 	: 	: 	: 	: 	: 	: 	: 	: 	: 
PC_POP,N_GE1,DOT,BG	3.85 	2.69 	1.64 	1.42 	1.53 	1.25 	1.21 	: 	: 	: 	: 	: 	: 	: 	: 	: 	: 	: 	: 	: 	: 	: 	: 	: 	: 
PC_POP,N_GE1,DOT,CH	43.89 	43.1 	42.64 	42.57 	42.86 	44.78 	42.11 	: 	: 	: 	: 	: 	: 	: 	: 	: 	: 	: 	: 	: 	: 	: 	: 	: 	: 
PC_POP,N_GE1,DOT,CY	27.78 e	24.94 e	25.96 e	23.88 e	23.01 e	7.19 e	15.76 e	: 	: 	: 	: 	: 	: 	: 	: 	: 	: 	: 	: 	: 	: 	: 	: 	: 	: 
PC_POP,N_GE1,DOT,CZ	36.8 	37.49 	34.8 	34.55 	34.39 	31.32 	33.66 	: 	: 	: 	: 	: 	: 	: 	: 	: 	: 	: 	: 	: 	: 	: 	: 	: 	: 
PC_POP,N_GE1,DOT,DE	42.85 	38.13 	37.85 	38.5 	38.55 	37.53 	36.72 	: 	: 	: 	: 	: 	: 	: 	: 	: 	: 	: 	: 	: 	: 	: 	: 	: 	: 
PC_POP,N_GE1,DOT,DK	12.83 e	12.73 e	17.27 	17.93 	18.67 	17.37 	12.47 e	: 	: 	: 	: 	: 	: 	: 	: 	: 	: 	: 	: 	: 	: 	: 	: 	: 	: 
PC_POP,N_GE1,DOT,EA	: 	: 	22.74 	22.22 	21.15 	20.63 	20.33 	: 	: 	: 	: 	: 	: 	: 	: 	: 	: 	: 	: 	: 	: 	: 	: 	: 	: 
PC_POP,N_GE1,DOT,EE	46.32 	34.92 	31.58 	30.35 	32.77 	25.87 	26.31 	: 	: 	: 	: 	: 	: 	: 	: 	: 	: 	: 	: 	: 	: 	: 	: 	: 	: 
PC_POP,N_GE1,DOT,EL	3.28 	2.82 	1.95 	2.19 	2.26 	1.8 	1.45 	: 	: 	: 	: 	: 	: 	: 	: 	: 	: 	: 	: 	: 	: 	: 	: 	: 	: 
PC_POP,N_GE1,DOT,ES	18.61 	16.8 	15.32 	14.14 b	8.19 	7.69 	8.07 	: 	: 	: 	: 	: 	: 	: 	: 	: 	: 	: 	: 	: 	: 	: 	: 	: 	: 
PC_POP,N_GE1,DOT,EU25	24.8 e	: 	: 	: 	: 	: 	: 	: 	: 	: 	: 	: 	: 	: 	: 	: 	: 	: 	: 	: 	: 	: 	: 	: 	: 
PC_POP,N_GE1,DOT,EU27	23.27 e	: 	20.41 e	19.92 	19.24 	18.21 e	16.7 e	: 	: 	: 	: 	: 	: 	: 	: 	: 	: 	: 	: 	: 	: 	: 	: 	: 	: 
PC_POP,N_GE1,DOT,EU28	23.16 e	: 	20.31 e	19.82 	19.16 	18.21 e	16.62 	: 	: 	: 	: 	: 	: 	: 	: 	: 	: 	: 	: 	: 	: 	: 	: 	: 	: 
PC_POP,N_GE1,DOT,FI	55.98 	58.47 	56.73 	57.38 	52.5 	53.81 	52.84 	: 	: 	: 	: 	: 	: 	: 	: 	: 	: 	: 	: 	: 	: 	: 	: 	: 	: 
PC_POP,N_GE1,DOT,FR	22.87 	21.2 	21.08 	21.37 	21.77 	21.06 	20.3 	: 	: 	: 	: 	: 	: 	: 	: 	: 	: 	: 	: 	: 	: 	: 	: 	: 	: 
PC_POP,N_GE1,DOT,HR	12.73 	8.56 	8.76 	8.26 b	9.1 	17.82 	8.25 u	: 	: 	: 	: 	: 	: 	: 	: 	: 	: 	: 	: 	: 	: 	: 	: 	: 	: 
PC_POP,N_GE1,DOT,HU	16.94 	17.5 	15.65 	14.86 	13.25 	11.88 	13.59 	: 	: 	: 	: 	: 	: 	: 	: 	: 	: 	: 	: 	: 	: 	: 	: 	: 	: 
PC_POP,N_GE1,DOT,IE	48.32 	46.62 	45.97 	43.56 	45.26 	40.6 	43.18 	: 	: 	: 	: 	: 	: 	: 	: 	: 	: 	: 	: 	: 	: 	: 	: 	: 	: 
PC_POP,N_GE1,DOT,IT	9.52 	8.21 	9.18 	7.85 	7.27 b	3.89 	4.03 	: 	: 	: 	: 	: 	: 	: 	: 	: 	: 	: 	: 	: 	: 	: 	: 	: 	: 
PC_POP,N_GE1,DOT,LT	1.88 u	1.72 u	1.76 u	1.64 u	1.53 	1.47 u	0.54 u	: 	: 	: 	: 	: 	: 	: 	: 	: 	: 	: 	: 	: 	: 	: 	: 	: 	: 
PC_POP,N_GE1,DOT,LU	2.66 u	8.62 	8.37 	11.84 	9.45 	10.31 	11.25 	: 	: 	: 	: 	: 	: 	: 	: 	: 	: 	: 	: 	: 	: 	: 	: 	: 	: 
PC_POP,N_GE1,DOT,LV	: 	23 	23.1 	22.55 	20.26 	17.24 	18.45 	: 	: 	: 	: 	: 	: 	: 	: 	: 	: 	: 	: 	: 	: 	: 	: 	: 	: 
PC_POP,N_GE1,DOT,ME	: 	: 	: c	: 	: 	: 	: 	: 	: 	: 	: 	: 	: 	: 	: 	: 	: 	: 	: 	: 	: 	: 	: 	: 	: 
PC_POP,N_GE1,DOT,MK	0.84 	: 	: 	: 	: 	: 	: 	: 	: 	: 	: 	: 	: 	: 	: 	: 	: 	: 	: 	: 	: 	: 	: 	: 	: 
PC_POP,N_GE1,DOT,MT	26.25 	22.62 	19.91 	16.51 	18.42 	16.16 	12.54 	: 	: 	: 	: 	: 	: 	: 	: 	: 	: 	: 	: 	: 	: 	: 	: 	: 	: 
PC_POP,N_GE1,DOT,NL	40.31 	39.71 	40.05 	38.06 	37.77 	39.11 	41.66 	: 	: 	: 	: 	: 	: 	: 	: 	: 	: 	: 	: 	: 	: 	: 	: 	: 	: 
PC_POP,N_GE1,DOT,NO	61.43 	54.81 	57.13 	56.46 	57.13 	59.63 	: 	: 	: 	: 	: 	: 	: 	: 	: 	: 	: 	: 	: 	: 	: 	: 	: 	: 	: 
PC_POP,N_GE1,DOT,PL	10.36 	9.85 	9.13 	9.11 	9.09 	5.81 	5.41 	: 	: 	: 	: 	: 	: 	: 	: 	: 	: 	: 	: 	: 	: 	: 	: 	: 	: 
PC_POP,N_GE1,DOT,PT	8.74 	7.09 	6.87 	3.95 	3.61 	4.87 	5.28 	: 	: 	: 	: 	: 	: 	: 	: 	: 	: 	: 	: 	: 	: 	: 	: 	: 	: 
PC_POP,N_GE1,DOT,RO	0.3 	0.31 	0.22 	0.32 	0.28 	0.16 	0.03 	: 	: 	: 	: 	: 	: 	: 	: 	: 	: 	: 	: 	: 	: 	: 	: 	: 	: 
PC_POP,N_GE1,DOT,SE	47.91 	49.33 b	38.49 	43.68 	39.36 	: 	: 	: 	: 	: 	: 	: 	: 	: 	: 	: 	: 	: 	: 	: 	: 	: 	: 	: 	: 
PC_POP,N_GE1,DOT,SI	22.09 	20.43 	20.36 	15.93 	18.14 e	17.87 e	21.1 	: 	: 	: 	: 	: 	: 	: 	: 	: 	: 	: 	: 	: 	: 	: 	: 	: 	: 
PC_POP,N_GE1,DOT,SK	26.25 	19.83 	14.32 	15.13 	11.5 	8.94 b	5.23 	: 	: 	: 	: 	: 	: 	: 	: 	: 	: 	: 	: 	: 	: 	: 	: 	: 	: 
PC_POP,N_GE1,DOT,UK	: 	: 	19.49 	18.15 	19.49 	21.06 	10.81 	: 	: 	: 	: 	: 	: 	: 	: 	: 	: 	: 	: 	: 	: 	: 	: 	: 	: 
PC_POP,N_GE1,OUT,AT	: 	22.69 	23.62 	23.44 	24.14 	21.49 	21.37 	: 	: 	: 	: 	: 	: 	: 	: 	: 	: 	: 	: 	: 	: 	: 	: 	: 	: 
PC_POP,N_GE1,OUT,BE	30.37 	30.66 b	37.82 	35.27 	38.74 	40.35 	32.76 	: 	: 	: 	: 	: 	: 	: 	: 	: 	: 	: 	: 	: 	: 	: 	: 	: 	: 
PC_POP,N_GE1,OUT,BG	2.35 	2.31 	1.89 	2.24 	1.36 	1.92 	1.74 	: 	: 	: 	: 	: 	: 	: 	: 	: 	: 	: 	: 	: 	: 	: 	: 	: 	: 
PC_POP,N_GE1,OUT,CH	37.29 	37.54 	37.9 	34.87 	33.8 	31.86 	31.43 	: 	: 	: 	: 	: 	: 	: 	: 	: 	: 	: 	: 	: 	: 	: 	: 	: 	: 
PC_POP,N_GE1,OUT,CY	18.94 e	19.76 e	18.74 e	16.57 e	17.47 e	18.54 e	31.75 e	: 	: 	: 	: 	: 	: 	: 	: 	: 	: 	: 	: 	: 	: 	: 	: 	: 	: 
PC_POP,N_GE1,OUT,CZ	6.78 	5.31 	5.4 	5.42 	6.91 	7.01 	5.91 	: 	: 	: 	: 	: 	: 	: 	: 	: 	: 	: 	: 	: 	: 	: 	: 	: 	: 
PC_POP,N_GE1,OUT,DE	15.22 	15.07 	16.35 	15.14 	15.33 	16.87 	15.84 	: 	: 	: 	: 	: 	: 	: 	: 	: 	: 	: 	: 	: 	: 	: 	: 	: 	: 
PC_POP,N_GE1,OUT,DK	31.65 e	31.46 e	40.29 	39.17 	40.77 	43.47 	41.14 e	: 	: 	: 	: 	: 	: 	: 	: 	: 	: 	: 	: 	: 	: 	: 	: 	: 	: 
PC_POP,N_GE1,OUT,EA	10.43 	: 	10.95 	10.52 	10.27 	11 	10.75 	: 	: 	: 	: 	: 	: 	: 	: 	: 	: 	: 	: 	: 	: 	: 	: 	: 	: 
PC_POP,N_GE1,OUT,EE	15.89 	10.81 	13.84 	12.17 	12.91 	15.57 	13.89 	: 	: 	: 	: 	: 	: 	: 	: 	: 	: 	: 	: 	: 	: 	: 	: 	: 	: 
PC_POP,N_GE1,OUT,EL	4 	2.87 	3.55 	3.27 	3.34 	3.12 	3 	: 	: 	: 	: 	: 	: 	: 	: 	: 	: 	: 	: 	: 	: 	: 	: 	: 	: 
PC_POP,N_GE1,OUT,ES	5.68 	5.38 	5.28 	5.18 b	3.92 	3.65 	3.81 	: 	: 	: 	: 	: 	: 	: 	: 	: 	: 	: 	: 	: 	: 	: 	: 	: 	: 
PC_POP,N_GE1,OUT,EU25	10.33 e	: 	: 	: 	: 	: 	: 	: 	: 	: 	: 	: 	: 	: 	: 	: 	: 	: 	: 	: 	: 	: 	: 	: 	: 
PC_POP,N_GE1,OUT,EU27	9.78 e	: 	11.26 e	11.44 	11.03 	11.19 e	12.58 e	: 	: 	: 	: 	: 	: 	: 	: 	: 	: 	: 	: 	: 	: 	: 	: 	: 	: 
PC_POP,N_GE1,OUT,EU28	9.76 e	: 	11.21 e	11.4 	11.02 	11.13 e	12.62 	: 	: 	: 	: 	: 	: 	: 	: 	: 	: 	: 	: 	: 	: 	: 	: 	: 	: 
PC_POP,N_GE1,OUT,FI	4.72 	4.61 	4.95 	5.01 	5.6 	5.46 	5.5 	: 	: 	: 	: 	: 	: 	: 	: 	: 	: 	: 	: 	: 	: 	: 	: 	: 	: 
PC_POP,N_GE1,OUT,FR	3.85 	3.98 	4.3 	4.06 	4.01 	3.93 	3.72 	: 	: 	: 	: 	: 	: 	: 	: 	: 	: 	: 	: 	: 	: 	: 	: 	: 	: 
PC_POP,N_GE1,OUT,HR	8.1 	9.64 	6.1 	6.07 b	9.89 	4.42 	17.88 u	: 	: 	: 	: 	: 	: 	: 	: 	: 	: 	: 	: 	: 	: 	: 	: 	: 	: 
PC_POP,N_GE1,OUT,HU	7.37 	6.54 	6.71 	6.38 	5.78 	5.67 	5.52 	: 	: 	: 	: 	: 	: 	: 	: 	: 	: 	: 	: 	: 	: 	: 	: 	: 	: 
PC_POP,N_GE1,OUT,IE	11.34 	8.92 	11.44 	11.13 	9.31 	8.96 	9.23 	: 	: 	: 	: 	: 	: 	: 	: 	: 	: 	: 	: 	: 	: 	: 	: 	: 	: 
PC_POP,N_GE1,OUT,IT	7.55 	7.93 	6.46 	7.12 	6.35 b	7.11 	8.49 	: 	: 	: 	: 	: 	: 	: 	: 	: 	: 	: 	: 	: 	: 	: 	: 	: 	: 
PC_POP,N_GE1,OUT,LT	26.6 	28.01 	27.67 	27.74 	28.61 	27.79 	26.28 	: 	: 	: 	: 	: 	: 	: 	: 	: 	: 	: 	: 	: 	: 	: 	: 	: 	: 
PC_POP,N_GE1,OUT,LU	78.08 	72.26 	72.01 	70.67 	72.64 	71.59 	69.15 	: 	: 	: 	: 	: 	: 	: 	: 	: 	: 	: 	: 	: 	: 	: 	: 	: 	: 
PC_POP,N_GE1,OUT,LV	: 	10.65 	10.59 	8.65 	8.7 	10.17 	11.57 	: 	: 	: 	: 	: 	: 	: 	: 	: 	: 	: 	: 	: 	: 	: 	: 	: 	: 
PC_POP,N_GE1,OUT,ME	: 	: 	: c	: 	: 	: 	: 	: 	: 	: 	: 	: 	: 	: 	: 	: 	: 	: 	: 	: 	: 	: 	: 	: 	: 
PC_POP,N_GE1,OUT,MK	25.32 	: 	: 	: 	: 	: 	: 	: 	: 	: 	: 	: 	: 	: 	: 	: 	: 	: 	: 	: 	: 	: 	: 	: 	: 
PC_POP,N_GE1,OUT,MT	28.26 	27.54 	25.22 	21.7 	19.04 	19.33 	15.16 	: 	: 	: 	: 	: 	: 	: 	: 	: 	: 	: 	: 	: 	: 	: 	: 	: 	: 
PC_POP,N_GE1,OUT,NL	24.05 	24.47 	22.43 	22.43 	21.81 	21.56 	20.12 	: 	: 	: 	: 	: 	: 	: 	: 	: 	: 	: 	: 	: 	: 	: 	: 	: 	: 
PC_POP,N_GE1,OUT,NO	16.3 	18.45 	17.02 	19.42 	17.93 	17.28 	: 	: 	: 	: 	: 	: 	: 	: 	: 	: 	: 	: 	: 	: 	: 	: 	: 	: 	: 
PC_POP,N_GE1,OUT,PL	8.55 	8.23 	7.92 	7.59 	7.25 	8.71 	7.85 	: 	: 	: 	: 	: 	: 	: 	: 	: 	: 	: 	: 	: 	: 	: 	: 	: 	: 
PC_POP,N_GE1,OUT,PT	4.45 	4.35 	3.61 	2.32 	2.06 	3.52 	3 	: 	: 	: 	: 	: 	: 	: 	: 	: 	: 	: 	: 	: 	: 	: 	: 	: 	: 
PC_POP,N_GE1,OUT,RO	1.67 	1.42 	1.36 	1.43 	1.35 	1.28 	1.04 	: 	: 	: 	: 	: 	: 	: 	: 	: 	: 	: 	: 	: 	: 	: 	: 	: 	: 
PC_POP,N_GE1,OUT,SE	13.54 	13.38 b	12.08 	11.01 	9.78 	: 	: 	: 	: 	: 	: 	: 	: 	: 	: 	: 	: 	: 	: 	: 	: 	: 	: 	: 	: 
PC_POP,N_GE1,OUT,SI	34.89 	34.69 	33.43 	34.32 	31.48 e	30.89 e	28.65 	: 	: 	: 	: 	: 	: 	: 	: 	: 	: 	: 	: 	: 	: 	: 	: 	: 	: 
PC_POP,N_GE1,OUT,SK	11.97 	16.57 	18.66 	17.49 	15.76 	19.75 b	27.48 	: 	: 	: 	: 	: 	: 	: 	: 	: 	: 	: 	: 	: 	: 	: 	: 	: 	: 
PC_POP,N_GE1,OUT,UK	: 	: 	19.81 	21.49 	19.81 	16.17 	29.64 	: 	: 	: 	: 	: 	: 	: 	: 	: 	: 	: 	: 	: 	: 	: 	: 	: 	: 
PC_POP,N_GE1,WORLD,AT	: 	76.62 	76.78 	75.92 	76.41 	76.43 	76.21 	: 	: 	: 	: 	: 	: 	: 	: 	: 	: 	: 	: 	: 	: 	: 	: 	: 	: 
PC_POP,N_GE1,WORLD,BE	67.69 	64.79 b	58.52 	56.4 	55.56 	61.58 	49.57 	: 	: 	: 	: 	: 	: 	: 	: 	: 	: 	: 	: 	: 	: 	: 	: 	: 	: 
PC_POP,N_GE1,WORLD,BG	33.82 	34.72 	29.77 	28.38 	25.67 	22 	18.8 	: 	: 	: 	: 	: 	: 	: 	: 	: 	: 	: 	: 	: 	: 	: 	: 	: 	: 
PC_POP,N_GE1,WORLD,CH	89.83 	89.13 	89.78 	87.42 	86.42 	86.86 	85.99 	: 	: 	: 	: 	: 	: 	: 	: 	: 	: 	: 	: 	: 	: 	: 	: 	: 	: 
PC_POP,N_GE1,WORLD,CY	69.48 e	68.35 e	69.03 e	67.6 e	63.18 e	52.04 e	75.72 e	: 	: 	: 	: 	: 	: 	: 	: 	: 	: 	: 	: 	: 	: 	: 	: 	: 	: 
PC_POP,N_GE1,WORLD,CZ	78.1 	81.55 	80.8 	80.52 	83.91 	73.58 	75.01 	: 	: 	: 	: 	: 	: 	: 	: 	: 	: 	: 	: 	: 	: 	: 	: 	: 	: 
PC_POP,N_GE1,WORLD,DE	75.32 	72.35 	75.41 	77.51 	77.13 	77.79 	77.39 	: 	: 	: 	: 	: 	: 	: 	: 	: 	: 	: 	: 	: 	: 	: 	: 	: 	: 
PC_POP,N_GE1,WORLD,DK	69.93 e	70.44 e	79.84 	78.84 	82.07 	82.18 	73.41 e	: 	: 	: 	: 	: 	: 	: 	: 	: 	: 	: 	: 	: 	: 	: 	: 	: 	: 
PC_POP,N_GE1,WORLD,EA	66.46 	: 	63.67 	63.55 	61.44 	63.7 	64.56 	: 	: 	: 	: 	: 	: 	: 	: 	: 	: 	: 	: 	: 	: 	: 	: 	: 	: 
PC_POP,N_GE1,WORLD,EE	79.48 	67.7 	68.72 	66.1 	71.11 	61.84 	60.58 	: 	: 	: 	: 	: 	: 	: 	: 	: 	: 	: 	: 	: 	: 	: 	: 	: 	: 
PC_POP,N_GE1,WORLD,EL	42.81 	39.36 	35.56 	36.68 	38.84 	32.58 	37.08 	: 	: 	: 	: 	: 	: 	: 	: 	: 	: 	: 	: 	: 	: 	: 	: 	: 	: 
PC_POP,N_GE1,WORLD,ES	67.37 	65.64 	65.73 	62.8 b	53.93 	54.34 	53.35 	: 	: 	: 	: 	: 	: 	: 	: 	: 	: 	: 	: 	: 	: 	: 	: 	: 	: 
PC_POP,N_GE1,WORLD,EU25	66.68 e	: 	: 	: 	: 	: 	: 	: 	: 	: 	: 	: 	: 	: 	: 	: 	: 	: 	: 	: 	: 	: 	: 	: 	: 
PC_POP,N_GE1,WORLD,EU27	64.22 e	: 	61.59 e	61.54 	59.93 	60.54 e	60.77 e	: 	: 	: 	: 	: 	: 	: 	: 	: 	: 	: 	: 	: 	: 	: 	: 	: 	: 
PC_POP,N_GE1,WORLD,EU28	64.04 e	: 	61.44 e	61.38 	59.84 	60.42 e	60.7 	: 	: 	: 	: 	: 	: 	: 	: 	: 	: 	: 	: 	: 	: 	: 	: 	: 	: 
PC_POP,N_GE1,WORLD,FI	91.02 	91.33 	91.45 	90.65 	90.75 	90.69 	92.08 	: 	: 	: 	: 	: 	: 	: 	: 	: 	: 	: 	: 	: 	: 	: 	: 	: 	: 
PC_POP,N_GE1,WORLD,FR	74.31 	73.79 	73.11 	74.78 	74.29 	75.05 	75.09 	: 	: 	: 	: 	: 	: 	: 	: 	: 	: 	: 	: 	: 	: 	: 	: 	: 	: 
PC_POP,N_GE1,WORLD,HR	46.46 	43.08 	43.98 	42.93 b	49.04 	47.09 	51.84 	: 	: 	: 	: 	: 	: 	: 	: 	: 	: 	: 	: 	: 	: 	: 	: 	: 	: 
PC_POP,N_GE1,WORLD,HU	57.61 	56.64 	55.21 	52.96 	53.03 	51.68 	52 	: 	: 	: 	: 	: 	: 	: 	: 	: 	: 	: 	: 	: 	: 	: 	: 	: 	: 
PC_POP,N_GE1,WORLD,IE	74.65 	74.2 	74.23 	74.29 	73.91 	70.44 	70.96 	: 	: 	: 	: 	: 	: 	: 	: 	: 	: 	: 	: 	: 	: 	: 	: 	: 	: 
PC_POP,N_GE1,WORLD,IT	44.87 	41.39 	41.88 	41.89 	37.9 b	41.74 	48.47 	: 	: 	: 	: 	: 	: 	: 	: 	: 	: 	: 	: 	: 	: 	: 	: 	: 	: 
PC_POP,N_GE1,WORLD,LT	57.33 	57.68 	57.29 	58.24 	57.87 	56.25 	51.94 	: 	: 	: 	: 	: 	: 	: 	: 	: 	: 	: 	: 	: 	: 	: 	: 	: 	: 
PC_POP,N_GE1,WORLD,LU	81.09 	81.25 	80.93 	82.92 	82.47 	82.78 	81.03 	: 	: 	: 	: 	: 	: 	: 	: 	: 	: 	: 	: 	: 	: 	: 	: 	: 	: 
PC_POP,N_GE1,WORLD,LV	: 	57.72 	58.98 	55.3 	52.51 	52.47 	61.46 	: 	: 	: 	: 	: 	: 	: 	: 	: 	: 	: 	: 	: 	: 	: 	: 	: 	: 
PC_POP,N_GE1,WORLD,ME	: 	: 	: c	: 	: 	: 	: 	: 	: 	: 	: 	: 	: 	: 	: 	: 	: 	: 	: 	: 	: 	: 	: 	: 	: 
PC_POP,N_GE1,WORLD,MK	39.81 	: 	: 	: 	: 	: 	: 	: 	: 	: 	: 	: 	: 	: 	: 	: 	: 	: 	: 	: 	: 	: 	: 	: 	: 
PC_POP,N_GE1,WORLD,MT	65.55 	64 	59.66 	51.7 	53.69 	50.39 	48.67 	: 	: 	: 	: 	: 	: 	: 	: 	: 	: 	: 	: 	: 	: 	: 	: 	: 	: 
PC_POP,N_GE1,WORLD,NL	85.02 	85.52 	85.28 	83.52 	83.69 	84.39 	85.23 	: 	: 	: 	: 	: 	: 	: 	: 	: 	: 	: 	: 	: 	: 	: 	: 	: 	: 
PC_POP,N_GE1,WORLD,NO	92.52 	90.34 	91.09 	89.71 	90.2 	91.34 	: 	: 	: 	: 	: 	: 	: 	: 	: 	: 	: 	: 	: 	: 	: 	: 	: 	: 	: 
PC_POP,N_GE1,WORLD,PL	61.88 	59.24 	56.75 	54.1 	53.12 	52.11 	47.84 	: 	: 	: 	: 	: 	: 	: 	: 	: 	: 	: 	: 	: 	: 	: 	: 	: 	: 
PC_POP,N_GE1,WORLD,PT	44.79 	42.22 	42.38 	24.39 	23.87 	37.48 	36.61 	: 	: 	: 	: 	: 	: 	: 	: 	: 	: 	: 	: 	: 	: 	: 	: 	: 	: 
PC_POP,N_GE1,WORLD,RO	27.04 	26.76 	24.01 	26.32 	25.19 	23.57 	21.5 	: 	: 	: 	: 	: 	: 	: 	: 	: 	: 	: 	: 	: 	: 	: 	: 	: 	: 
PC_POP,N_GE1,WORLD,SE	84.94 	81.88 b	78.79 	81.05 	75.23 	: 	: 	: 	: 	: 	: 	: 	: 	: 	: 	: 	: 	: 	: 	: 	: 	: 	: 	: 	: 
PC_POP,N_GE1,WORLD,SI	69.3 	65.64 	66.59 	62.63 	62.85 e	61.46 e	63.61 	: 	: 	: 	: 	: 	: 	: 	: 	: 	: 	: 	: 	: 	: 	: 	: 	: 	: 
PC_POP,N_GE1,WORLD,SK	73.24 	70.69 	66.14 	60.1 	53.49 	56.03 b	54.43 	: 	: 	: 	: 	: 	: 	: 	: 	: 	: 	: 	: 	: 	: 	: 	: 	: 	: 
PC_POP,N_GE1,WORLD,UK	: 	: 	64.08 	64.08 	64.08 	64.08 	65.69 	: 	: 	: 	: 	: 	: 	: 	: 	: 	: 	: 	: 	: 	: 	: 	: 	: 	: 
PC_POP,N_GE4,DOM,AT	: 	8.74 	8.71 	8.55 	8.82 	8.3 	9.79 	9.6 	9.2 	10.4 	10.6 	10.3 	19.1 	10.6 	16.4 	16.8 	10.1 	12.5 	10.6 	11.8 	11.3 	: 	11.2 	: 	: 
PC_POP,N_GE4,DOM,BE	3.1 	2.85 b	2.04 	2.36 	2.09 	2.88 	3.76 	4.3 	3.5 	4.9 	5.2 	4.9 	5.6 	6 	6 	5.7 	5.7 	5.5 	: 	6 	8.3 	: 	11.2 	: 	: 
PC_POP,N_GE4,DOM,BG	19.7 	21.28 	17.44 	17.95 	14.82 	11.95 	9.15 b	13.5 e	13.4 e	18.3 e	13.2 e	: 	: 	: 	: 	: 	: 	: 	: 	: 	: 	: 	: 	: 	: 
PC_POP,N_GE4,DOM,CH	6.69 	7.48 	7.74 	7.4 	8.55 	8.53 	9.94 	13.6 	10.7 	: 	: 	: 	: 	: 	: 	: 	: 	: 	: 	: 	: 	: 	: 	: 	: 
PC_POP,N_GE4,DOM,CY	12.95 e	12.73 e	12.63 e	16.01 e	10.52 e	7.05 e	8.12 e	: 	: 	: 	: 	: 	: 	: 	: 	: 	: 	: 	: 	: 	: 	: 	: 	: 	: 
PC_POP,N_GE4,DOM,CZ	22.74 	26.61 	26.86 	25.77 	29.8 	24.48 	23.09 	23.1 	31.8 	29.4 e	24.4 e	25.9 	24.7 	27.5 	26.6 	24.9 	: 	: 	: 	: 	: 	: 	: 	: 	: 
PC_POP,N_GE4,DOM,DE	12.49 	13.3 	14.73 	15.98 	16.19 	15.67 	16.05 	21.5 	21.7 	26.2 e	22.6 	21.4 	24.5 	25.7 	19.8 	19.8 	20.7 	27.2 	24.8 	22.4 	21.9 	23.7 	: 	: 	: 
PC_POP,N_GE4,DOM,DK	17.76 e	15.23 e	19.25 	19.36 	20.34 	19.08 	16.59 	15.3 	10.4 	10.2 	10.5 	9.7 	9.7 	14.3 	13.6 	18.2 	15.4 	15.2 	17.8 	15.3 	17.1 	15.9 	19.6 	: 	: 
PC_POP,N_GE4,DOM,EE	8.08 u	11.56 	11.03 	9.39 	10.84 	9.97 	10.54 b	: 	: 	8.4 	6.1 	7.3 	6.2 	10.3 	9.5 	9.5 	13 	: 	: 	: 	: 	: 	: 	: 	: 
PC_POP,N_GE4,DOM,EL	30.09 	28.48 	24.47 	25.4 	28.15 	23.38 	25.13 	26 	27.7 	36.4 	36.2 	37 	38.4 	41 	30.9 	38.1 	37.4 	38.5 	42.4 	39.2 	54.2 	61.3 	72.9 	35.7 	36.1 
PC_POP,N_GE4,DOM,ES	33.25 	32.1 	33.56 	32.18 b	28.92 	29.92 	28.59 	29.8 	27.8 	31.1 	32.5 	33.4 	34.8 	31.6 	26.7 	43.9 	44.6 	45.5 	73.7 	58.2 	: 	: 	: 	: 	: 
PC_POP,N_GE4,DOM,EU27	: 	: 	: 	: 	: 	22.58 e	23.1 e	24.6 e	: 	: 	: 	: 	: 	: 	: 	: 	: 	: 	: 	: 	: 	: 	: 	: 	: 
PC_POP,N_GE4,DOM,EU28	: 	: 	: 	: 	: 	22.5 e	23.09 	24.6 e	: 	: 	: 	: 	: 	: 	: 	: 	: 	: 	: 	: 	: 	: 	: 	: 	: 
PC_POP,N_GE4,DOM,FI	27.6 	26.73 	28.26 	30.05 	29.82 	28.77 	29.7 b	26.2 	25.8 	25.6 	25.8 	28.8 	24.5 	27.1 	27.5 	30.4 	29.8 	28.3 	28.3 	26.7 	28.4 	29.5 	26.6 	34.4 	28.9 
PC_POP,N_GE4,DOM,FR	36.01 	36.04 	41.18 	43.06 	43.02 	43.92 	44.75 	43.4 	43.4 	44.9 	45 	45.5 	45.6 	46.4 	39.9 	41.2 	: 	41 	40.5 	41.9 	42.4 	43.6 	: 	: 	: 
PC_POP,N_GE4,DOM,HR	22.52 	21.45 	22.6 	20.9 b	22.32 	18.76 	21.3 	20.7 	27.5 	24.5 	23.6 	21.4 	: 	: 	: 	: 	: 	: 	: 	: 	: 	: 	: 	: 	: 
PC_POP,N_GE4,DOM,HU	17.8 	16.85 	18.47 	18.54 	19.47 	19.66 	19.33 b	17.3 	30.4 	30.5 	34.7 	20.6 	26.3 	33.7 	33 	: 	: 	: 	: 	: 	: 	: 	: 	: 	: 
PC_POP,N_GE4,DOM,IE	6.38 	8.47 	7.87 	8.94 	9 	8.97 	8.52 	: 	: 	: 	: 	: 	: 	: 	: 	: 	: 	: 	17.2 	22.8 	36.1 	: 	: 	: 	: 
PC_POP,N_GE4,DOM,IT	24.02 	21.79 	21.59 	23.66 	21.59 b	23.84 	27.67 	27.8 	30.1 	30.7 	30 	35.7 	35.7 	35.5 	35.6 	36.3 	36 	35.4 	34.4 	31.8 	32.6 	35.9 	: 	: 	: 
PC_POP,N_GE4,DOM,LT	5.12 	5.1 	5.36 	6.17 	6.07 	5.43 	4.8 	9.7 	8.9 	9.7 	8.1 	5.2 	5.6 	4.9 	12.2 	: 	: 	: 	: 	: 	: 	: 	: 	: 	: 
PC_POP,N_GE4,DOM,LU	: c	: c	: c	: c	0.8 	0.21 	0.43 	0 	0.2 	: 	: 	: 	0.3 	0.3 	0.3 	0.3 	0.6 	0.3 	0.3 	0.9 	0.3 	0.6 	: 	: 	: 
PC_POP,N_GE4,DOM,LV	: 	6.95 	6.79 	6.08 	5.31 	7.05 	8.33 	6.8 	9.8 	10.2 	10.2 	10.2 	11.4 	13.4 	14.4 	: 	: 	: 	: 	: 	: 	: 	: 	: 	: 
PC_POP,N_GE4,DOM,ME	: 	: 	: c	: 	: 	: 	: 	: 	: 	: 	: 	: 	: 	: 	: 	: 	: 	: 	: 	: 	: 	: 	: 	: 	: 
PC_POP,N_GE4,DOM,MK	4.57 	: 	: 	: 	: 	: 	: 	: 	: 	: 	: 	: 	: 	: 	: 	: 	: 	: 	: 	: 	: 	: 	: 	: 	: 
PC_POP,N_GE4,DOM,MT	5.64 	5.98 	5.46 	5.35 	7.25 	5.7 	7.3 b	6 	: 	: 	: 	: 	: 	: 	: 	: 	: 	: 	: 	: 	: 	: 	: 	: 	: 
PC_POP,N_GE4,DOM,NL	15.09 	15.36 	16.78 	16.59 	16.98 	17.3 	18.1 b	12.8 	13.6 	14.1 	13.3 	14.2 	15.4 	14.4 	15.6 	15 	14.6 	17.1 	17.4 	17.8 	18.1 	: 	: 	: 	: 
PC_POP,N_GE4,DOM,NO	13.89 	15.27 	17.74 	12.7 	15.2 	13.04 	: 	14.7 	18.3 	18.6 	16.3 	16.8 	22.4 	19.2 	20.9 	24.4 	21 	24.7 	25.8 	26.4 	: 	: 	: 	: 	: 
PC_POP,N_GE4,DOM,PL	27.59 	27.02 	26.27 	24.96 	22.29 	24.85 	22.48 	20.4 e	21.6 	24.2 	23.3 	22.5 	23 	24.8 	24.5 e	27.9 	: 	: 	: 	: 	: 	: 	: 	: 	: 
PC_POP,N_GE4,DOM,PT	20.71 	20.16 	20.26 	11.4 	11.29 	19.78 	15.85 	16.7 	16.4 	19.1 	12.4 	13.7 	19.6 	19.9 	21.3 	22.3 	25.1 	26.2 	23.7 	24.3 	: 	: 	: 	: 	: 
PC_POP,N_GE4,DOM,RO	9.34 	8.71 	8.26 	9.15 	8.98 	8.75 	9.14 	: 	: 	: 	: 	: 	: 	: 	: 	: 	: 	: 	: 	: 	: 	: 	: 	: 	: 
PC_POP,N_GE4,DOM,SE	15.49 	12.84 b	10.67 	10.14 	10.61 	: 	37.8 	38.4 	39.3 	37.1 	36.9 	37 	38.1 	: 	: 	: 	: 	: 	: 	: 	: 	55.9 	: 	: 	: 
PC_POP,N_GE4,DOM,SI	8.21 	6.89 	8.43 	7.77 	8.23 e	7.82 e	8.62 	9.7 	11 	12.6 	11.7 	12.6 	12.2 	12.1 	12.1 	13.3 	: 	: 	: 	: 	: 	: 	: 	: 	: 
PC_POP,N_GE4,DOM,SK	19.87 	16.56 	17.39 	15.32 	13.91 	14.99 b	13.74 	16.2 	16.2 	19.2 	18.7 	: 	: 	: 	: 	: 	: 	: 	: 	: 	: 	: 	: 	: 	: 
PC_POP,N_GE4,DOM,UK	: 	: 	15.69 	15.67 	15.57 	18.44 	20.84 	21.5 	21.2 	21.6 	19.9 	19.1 	21.6 	20.8 	15.7 	17.9 	19.1 	19.6 	20.9 	26 	33.6 	35.9 	34.6 	: 	: 
PC_POP,N_GE4,DOT,AT	: 	32.55 	31.88 	31.12 	30.75 	33.06 	32.6 	31.5 	30.9 	31.1 	31.9 	28.4 	33.2 	26.1 	7.2 	6.1 	8.5 	8.7 	9.3 	9 	7.7 	: 	8.7 	: 	: 
PC_POP,N_GE4,DOT,BE	27.69 	24.57 b	15.59 	14.54 	10.99 	15.25 	10.39 	5.2 	4.9 	4.7 	5.1 	5.3 	5.2 	6.8 	5.8 	5.8 	4.7 	4.5 	: 	4.9 	6.5 	: 	5.7 	: 	: 
PC_POP,N_GE4,DOT,BG	2.31 	1.82 	0.53 	1.17 	0.7 	0.53 	0.36 b	: 	: 	: 	: 	: 	: 	: 	: 	: 	: 	: 	: 	: 	: 	: 	: 	: 	: 
PC_POP,N_GE4,DOT,CH	19.35 	18.79 	17.87 	18.71 	19.49 	21.29 	18.39 	7.2 	16 	: 	: 	: 	: 	: 	: 	: 	: 	: 	: 	: 	: 	: 	: 	: 	: 
PC_POP,N_GE4,DOT,CY	25.88 e	22.74 e	24.24 e	22.14 e	21.58 e	7.19 e	10.75 e	: 	: 	: 	: 	: 	: 	: 	: 	: 	: 	: 	: 	: 	: 	: 	: 	: 	: 
PC_POP,N_GE4,DOT,CZ	21.07 	19.8 	19.13 	16.49 	16.94 	15.26 	18.63 e	18.9 	6.8 	13.9 e	11.9 e	14.6 	13.9 	12.9 	12.5 	11 	: 	: 	: 	: 	: 	: 	: 	: 	: 
PC_POP,N_GE4,DOT,DE	19.6 	18.94 	18.01 	17.9 	18.68 	17.31 	17.61 	14.5 	14.1 	3.6 e	11.7 	7 	6.3 	8.9 	7.6 	9.3 	6.3 	5.7 	5.8 	: 	14.6 	: 	: 	: 	: 
PC_POP,N_GE4,DOT,DK	8.96 e	8.35 e	17.27 	17.38 	16.69 	15.53 	11.75 	11 	8.2 	8.4 	8.3 	7.5 	7.5 	11.1 	7.7 	11.1 	9.9 	10.9 	9.1 	10 	9.5 	12 	12.6 	: 	: 
PC_POP,N_GE4,DOT,EE	15.65 	11.34 u	6.35 u	7.39 	9.67 	9.43 	7.4 b	: 	: 	7.1 	7.8 	7.2 	: 	: 	: 	: 	: 	: 	: 	: 	: 	: 	: 	: 	: 
PC_POP,N_GE4,DOT,EL	2.14 	1.82 	1.37 	1.7 	1.68 	1.39 	1.09 	0.5 	0.6 	0.7 	0.8 	0.7 	0.5 	0.8 	0.3 	0.4 	0.6 	0.7 	0.8 	0.3 	0.3 	0.4 	0.6 	1.2 	1.2 
PC_POP,N_GE4,DOT,ES	10.9 	9.76 	9.07 	8.43 b	3.79 	3.85 	4.03 	4.6 	4.6 	4.7 	4.9 	4.4 	4.7 	3.8 	2.7 	1.2 	1.1 	1.1 	: 	: 	: 	: 	: 	: 	: 
PC_POP,N_GE4,DOT,EU27	: 	: 	: 	: 	: 	9.44 e	9.41 e	: 	: 	: 	: 	: 	: 	: 	: 	: 	: 	: 	: 	: 	: 	: 	: 	: 	: 
PC_POP,N_GE4,DOT,EU28	: 	: 	: 	: 	: 	9.38 e	9.37 	: 	: 	: 	: 	: 	: 	: 	: 	: 	: 	: 	: 	: 	: 	: 	: 	: 	: 
PC_POP,N_GE4,DOT,FI	26.33 	23.68 	25.48 	25.13 	21.72 	24.32 	22.45 b	17.6 	16.8 	17.5 	18 	17.3 	17.8 	17.6 	15.7 	13.9 	13.8 	15.5 	13.2 	13.4 	11.4 	14.3 	10.2 	4.4 	11.6 
PC_POP,N_GE4,DOT,FR	15.62 	14.04 	14.44 	14.74 	15.09 	14.84 	14.05 	14 	13.9 	13.6 	14.5 	14.9 	15 	15.5 	13.7 	12.4 	: 	11.9 	12.8 	12.6 	12.8 	12.3 	: 	: 	: 
PC_POP,N_GE4,DOT,HR	5.74 	4.59 	3.51 	3.33 b	3.87 	4.88 	4.56 	3.9 	5.9 	6.4 	5 	8 	: 	: 	: 	: 	: 	: 	: 	: 	: 	: 	: 	: 	: 
PC_POP,N_GE4,DOT,HU	6.53 	6.8 	6.34 	5.59 	5.95 	6.06 	6.58 b	5.4 	3.3 	3.5 	4.7 	6.3 	1 	2.4 	2.5 	: 	: 	: 	: 	: 	: 	: 	: 	: 	: 
PC_POP,N_GE4,DOT,IE	25.36 	24.78 	22.8 	22.05 	22.76 	21.73 	21.59 	: 	: 	: 	: 	: 	: 	: 	: 	: 	: 	: 	: 	: 	: 	: 	: 	: 	: 
PC_POP,N_GE4,DOT,IT	6.63 	5.61 	6.3 	4.93 	4.43 b	3.04 	2.66 	6.9 	7.8 	7.8 	7 	6.3 	6.3 	6.2 	6.3 	6.4 	6.3 	6.2 	6 	5.6 	6.4 	5.1 	: 	: 	: 
PC_POP,N_GE4,DOT,LT	1.06 u	0.98 u	0.91 u	0.88 u	0.85 	0.84 u	0.47 u	: 	: 	: 	: 	0.8 	0.4 	0.4 	0.4 	: 	: 	: 	: 	: 	: 	: 	: 	: 	: 
PC_POP,N_GE4,DOT,LU	: c	3.26 	2.15 u	2.9 u	1.79 	1.82 	2.56 	0.1 	4.7 	: 	: 	: 	: 	0 	: 	: 	: 	: 	: 	: 	0.3 	0.3 	: 	: 	: 
PC_POP,N_GE4,DOT,LV	: 	5.2 	5.48 	5.8 	5.01 	2.62 	3.94 	4.2 	0.2 	0.3 	0.1 	0.2 	0.3 	0.2 	: 	: 	: 	: 	: 	: 	: 	: 	: 	: 	: 
PC_POP,N_GE4,DOT,ME	: 	: 	: c	: 	: 	: 	: 	: 	: 	: 	: 	: 	: 	: 	: 	: 	: 	: 	: 	: 	: 	: 	: 	: 	: 
PC_POP,N_GE4,DOT,MK	0.7 	: 	: 	: 	: 	: 	: 	: 	: 	: 	: 	: 	: 	: 	: 	: 	: 	: 	: 	: 	: 	: 	: 	: 	: 
PC_POP,N_GE4,DOT,MT	10.09 	8.23 	5.56 	5.25 	6.4 	5.46 	3.92 	: 	: 	: 	: 	: 	: 	: 	: 	: 	: 	: 	: 	: 	: 	: 	: 	: 	: 
PC_POP,N_GE4,DOT,NL	16.45 	16.06 	16.14 	15.83 	14.69 	15.96 	16.72 b	30.9 	30.4 	29.3 	29.7 	28.4 	27.5 	27.9 	28.1 	28.5 	28 	14 	12.1 	12.1 	13 	: 	: 	: 	: 
PC_POP,N_GE4,DOT,NO	37.13 	33.48 	33.52 	34.82 	31.91 	34.34 	: 	30.4 	26 	26.4 	30.1 	17.5 	18.9 	21.6 	21.4 	19.5 	19.1 	17.5 	15.6 	19.8 	: 	: 	: 	: 	: 
PC_POP,N_GE4,DOT,PL	5.89 	5.61 	5.53 	5.53 	5.15 	4.77 	4.43 	3.9 e	4.1 	4.6 	5.3 	5 	3.9 	3.4 	3.3 e	3.3 	: 	: 	: 	: 	: 	: 	: 	: 	: 
PC_POP,N_GE4,DOT,PT	8.07 	6.54 	6.51 	3.75 	3.25 	4.45 	2.46 	1.8 	2.3 	2.3 	0.9 	1.4 	2.9 	2.7 	3.4 	1.6 	2.8 	3 	2.5 	1.7 	: 	: 	: 	: 	: 
PC_POP,N_GE4,DOT,RO	0.24 	0.28 	0.19 	0.29 	0.26 	0.14 	0.03 	: 	: 	: 	: 	: 	: 	: 	: 	: 	: 	: 	: 	: 	: 	: 	: 	: 	: 
PC_POP,N_GE4,DOT,SE	19.29 	24.79 b	19.59 	24.25 	20.11 	: 	4.1 	3.5 	3.3 	2.6 	3.5 	2.8 	3.3 	: 	: 	: 	: 	: 	: 	: 	: 	22.5 	: 	: 	: 
PC_POP,N_GE4,DOT,SI	5.6 	6.28 	5.98 	5.35 	5.73 e	5.68 e	6.9 	10.1 	9 	10.6 	10.6 	9.8 	9.5 	11.3 	8 	7.8 	: 	: 	: 	: 	: 	: 	: 	: 	: 
PC_POP,N_GE4,DOT,SK	13.65 	9.7 	7.58 	6.72 u	3.23 	3.59 b	2.49 	2.5 	2.6 	2.8 	2.3 	: 	: 	: 	: 	: 	: 	: 	: 	: 	: 	: 	: 	: 	: 
PC_POP,N_GE4,DOT,UK	: 	: 	5.23 	6.27 	5.19 	6.83 	8.6 	8.8 	8.8 	8 	8.6 	10.4 	8.8 	10.7 	10.9 	13.3 	1.1 	1.1 	1.1 	8.1 	7.9 	7.8 	9.8 	: 	: 
PC_POP,N_GE4,OUT,AT	: 	18.45 	19.33 	19.12 	19.35 	17.31 	17.52 	18.5 	18.5 	17.1 	18.4 	20 	10 	17.8 	29.1 	30.4 	27.7 	31 	34.5 	27.9 	28.7 	: 	27.7 	: 	: 
PC_POP,N_GE4,OUT,BE	26.46 	26.87 b	33.85 	32.09 	34.42 	36.14 	28.89 	38.7 	39.5 	38 	36.4 	35 	34.3 	37 	34.8 	33.6 	30.4 	31.6 	: 	29.9 	37.2 	: 	45.7 	: 	: 
PC_POP,N_GE4,OUT,BG	2.52 	2.83 	2.24 	2.46 	1.17 	1.65 	1.58 b	3.9 e	3.2 e	4 e	3.8 e	: 	: 	: 	: 	: 	: 	: 	: 	: 	: 	: 	: 	: 	: 
PC_POP,N_GE4,OUT,CH	54.82 	54.79 	55.21 	51.27 	49.4 	46.56 	46.46 	51.8 	46.1 	: 	: 	: 	: 	: 	: 	: 	: 	: 	: 	: 	: 	: 	: 	: 	: 
PC_POP,N_GE4,OUT,CY	16.84 e	17.02 e	16.16 e	14.97 e	15.6 e	13.8 e	25.15 e	: 	: 	: 	: 	: 	: 	: 	: 	: 	: 	: 	: 	: 	: 	: 	: 	: 	: 
PC_POP,N_GE4,OUT,CZ	16.36 	16.49 	15.18 	18.26 	18.86 	16.74 	15.23 e	16.5 	22.6 	10.5 e	15.1 e	13.7 	13 	15.3 	14.8 	13.9 	: 	: 	: 	: 	: 	: 	: 	: 	: 
PC_POP,N_GE4,OUT,DE	33.85 	29.2 	31.31 	30.72 	30.52 	31.54 	30.53 	31.3 	29.7 	36 e	28.8 	35.1 	49.9 	47.5 	36.3 	36.6 	39.8 	46.6 	46.6 	48.9 	54.5 	46.5 	: 	: 	: 
PC_POP,N_GE4,OUT,DK	22.09 e	37.12 e	37.31 	35.1 	36.45 	38.87 	40.86 	41.6 	46.9 	46 	47.1 	45 	45.2 	38.7 	40.8 	34.8 	35.9 	36.2 	49.1 	41.4 	35.8 	40.1 	41.2 	: 	: 
PC_POP,N_GE4,OUT,EE	31.85 	20.97 	26.55 	24.68 	22.7 	19.43 	18.85 b	: 	: 	23.4 	19.9 	18 	14.4 	12.5 	8.7 	12.3 	11 	: 	: 	: 	: 	: 	: 	: 	: 
PC_POP,N_GE4,OUT,EL	3.96 	2.9 	3.36 	3.07 	3.18 	3.09 	2.74 	2.9 	4.6 	4.2 	5.7 	4.5 	4.9 	5.2 	4.1 	4.3 	4.3 	5.1 	4.8 	3.3 	2.6 	3.3 	4.3 	2.6 	2.6 
PC_POP,N_GE4,OUT,ES	8.57 	7.98 	7.83 	7.4 b	5.45 	5.1 	5.46 	5.9 	5.6 	5.9 	5.5 	5.8 	5.2 	4.5 	3.2 	5.1 	4.8 	4.7 	8.4 	5.9 	: 	: 	: 	: 	: 
PC_POP,N_GE4,OUT,EU27	: 	: 	: 	: 	: 	16.85 e	16.7 e	17.1 e	17.3 e	: 	: 	: 	: 	: 	: 	: 	: 	: 	: 	: 	: 	: 	: 	: 	: 
PC_POP,N_GE4,OUT,EU28	: 	: 	: 	: 	: 	16.72 e	16.63 	17 e	17.2 e	: 	: 	: 	: 	: 	: 	: 	: 	: 	: 	: 	: 	: 	: 	: 	: 
PC_POP,N_GE4,OUT,FI	16.2 	18.68 	15.17 	15.65 	16.19 	15.67 	15.93 b	15.2 	15.3 	14.6 	14.3 	14.2 	14.9 	13.4 	11.7 	11.9 	10.5 	10.4 	10.9 	11.1 	10.7 	10 	10.7 	11.3 	10.9 
PC_POP,N_GE4,OUT,FR	7.13 	7.27 	7.44 	7.22 	7.27 	7.03 	6.69 	6.4 	6.1 	6.5 	5.8 	5.4 	5.4 	5.1 	5.3 	5.2 	: 	5.1 	4.9 	5.1 	4.6 	4.7 	: 	: 	: 
PC_POP,N_GE4,OUT,HR	7.11 	7.96 	4.71 	5.64 b	7.85 	5.87 	7.76 	6.6 	4.9 	7 	6.5 	6.1 	: 	: 	: 	: 	: 	: 	: 	: 	: 	: 	: 	: 	: 
PC_POP,N_GE4,OUT,HU	13.47 	12.65 	11.92 	11.77 	9.28 	8.78 	9.58 b	8.5 	13.5 	10.9 	11.7 	6.6 	7.7 	13.7 	13.2 	: 	: 	: 	: 	: 	: 	: 	: 	: 	: 
PC_POP,N_GE4,OUT,IE	26.16 	22.84 	25.45 	23.94 	24.44 	19.65 	22.64 	: 	: 	: 	: 	: 	: 	: 	: 	: 	: 	: 	: 	: 	44.1 	: 	: 	: 	: 
PC_POP,N_GE4,OUT,IT	8.68 	8.92 	7.43 	7.9 	7.18 b	7.06 	9.5 	9.5 	9.5 	10.1 	9.2 	7.1 	7.1 	7 	7.1 	7.2 	7.2 	7 	6.4 	6.7 	6.1 	5.7 	: 	: 	: 
PC_POP,N_GE4,OUT,LT	20.74 	21.45 	20.69 	21.06 	21.4 	20.65 	19.12 	27.3 	22.1 	19.3 	26.9 	21.1 	20.3 	20.3 	9.7 	: 	: 	: 	: 	: 	: 	: 	: 	: 	: 
PC_POP,N_GE4,OUT,LU	44.39 	71.58 	72.93 	71.67 	64.54 	74.37 	69.37 	69.9 	56.6 	76.6 	76.4 	63.9 	49.7 	62.1 	61.9 	66 	61.9 	62.4 	61.4 	63.4 	63.3 	62.5 	: 	: 	: 
PC_POP,N_GE4,OUT,LV	: 	19.77 	20.06 	18.15 	16.68 	18.04 	18.02 	15 	7.8 	7.2 	9.7 	8.2 	6.6 	5.8 	: 	: 	: 	: 	: 	: 	: 	: 	: 	: 	: 
PC_POP,N_GE4,OUT,ME	: 	: 	: c	: 	: 	: 	: 	: 	: 	: 	: 	: 	: 	: 	: 	: 	: 	: 	: 	: 	: 	: 	: 	: 	: 
PC_POP,N_GE4,OUT,MK	17.7 	: 	: 	: 	: 	: 	: 	: 	: 	: 	: 	: 	: 	: 	: 	: 	: 	: 	: 	: 	: 	: 	: 	: 	: 
PC_POP,N_GE4,OUT,MT	39.1 	36.39 	34.28 	28.52 	26.19 	24.85 	22.36 b	30.1 	41.7 	40.4 	35.2 	32.8 e	: 	: 	: 	: 	: 	: 	: 	: 	: 	: 	: 	: 	: 
PC_POP,N_GE4,OUT,NL	43.92 	44.02 	41.98 	40.39 	40.58 	40.35 	40.29 b	26.9 	26.6 	25.5 	26.5 	25.8 	25.1 	26.1 	25.8 	25.8 	25.3 	36.8 	38.4 	38.8 	37.8 	: 	: 	: 	: 
PC_POP,N_GE4,OUT,NO	31.72 	32.48 	31.49 	32.35 	35.37 	34.67 	: 	31 	27.2 	27.6 	29.7 	38.1 	33.8 	30.4 	28.7 	28.6 	29.7 	29.1 	29 	25.4 	: 	: 	: 	: 	: 
PC_POP,N_GE4,OUT,PL	7.46 	7.1 	6.84 	6.11 	9.06 	6.69 	6.26 	7.1 e	7.5 	7.8 	7.8 	6.7 	5.8 	4.6 	4.1 e	3.9 	: 	: 	: 	: 	: 	: 	: 	: 	: 
PC_POP,N_GE4,OUT,PT	3.76 	3.67 	2.91 	1.9 	1.76 	3.04 	2.98 	3.9 	4.1 	4 	3.6 	4.2 	4.8 	5.7 	5.6 	4.3 	5.1 	4 	4.6 	5.3 	: 	: 	: 	: 	: 
PC_POP,N_GE4,OUT,RO	1.46 	1.25 	1.21 	1.25 	1.23 	1.12 	0.93 	: 	: 	: 	: 	: 	: 	: 	: 	: 	: 	: 	: 	: 	: 	: 	: 	: 	: 
PC_POP,N_GE4,OUT,SE	33.25 	29.31 b	18.52 	18.76 	16.85 	: 	38.1 	36.8 	35.3 	36.1 	37.4 	36.4 	33.6 	: 	: 	: 	: 	: 	: 	: 	: 	44.9 	: 	: 	: 
PC_POP,N_GE4,OUT,SI	45.65 	42.45 	39.14 	39.17 	37.89 e	36.06 e	36.45 	39 	36.6 	34.8 	37.7 	39.2 	38.5 	35.8 	36.5 	35.6 	: 	: 	: 	: 	: 	: 	: 	: 	: 
PC_POP,N_GE4,OUT,SK	19.52 	22.47 	22.9 	24.5 	21.86 	21.54 b	28.26 	29.4 	33.8 	29.7 	31 	: 	: 	: 	: 	: 	: 	: 	: 	: 	: 	: 	: 	: 	: 
PC_POP,N_GE4,OUT,UK	: 	: 	22.67 	22.83 	22.5 	28.3 	27.43 	27.8 	30.4 	27.7 	29.1 	28.4 	30.3 	31 	33.2 	32.4 	23.6 	24.6 	23.5 	27.2 	33.7 	32.3 	34 	: 	: 
PC_POP,N_GE4,WORLD,AT	: 	59.74 	59.93 	58.78 	58.92 	58.66 	59.91 	59.6 	58.6 	58.6 	60.9 	58.6 	62.2 	54.4 	52.7 	53.3 	46.2 	52.2 	54.4 	48.7 	47.6 	: 	47.7 	: 	: 
PC_POP,N_GE4,WORLD,BE	57.26 	54.29 b	51.48 	48.98 	47.51 	54.26 	43.04 	48.2 	47.9 	47.6 	46.7 	45.1 	45.1 	49.8 	46.6 	45.1 	40.9 	41.6 	: 	40.8 	52.1 	: 	62.6 	: 	: 
PC_POP,N_GE4,WORLD,BG	24.53 	25.93 	20.22 	21.57 	16.69 	14.13 	11.09 b	17.5 e	16.6 e	22.3 e	17 e	: 	: 	: 	: 	: 	: 	: 	: 	: 	: 	: 	: 	: 	: 
PC_POP,N_GE4,WORLD,CH	80.86 	81.06 	80.82 	77.39 	77.44 	76.37 	74.79 	72.7 	72.7 	72.9 	70.5 	: 	: 	: 	: 	: 	: 	: 	: 	: 	: 	: 	: 	: 	: 
PC_POP,N_GE4,WORLD,CY	55.67 e	52.49 e	53.03 e	53.12 e	47.71 e	28.03 e	44.03 e	: 	: 	: 	: 	: 	: 	: 	: 	: 	: 	: 	: 	: 	: 	: 	: 	: 	: 
PC_POP,N_GE4,WORLD,CZ	60.18 	62.9 	61.17 	60.52 	65.6 	56.47 	56.95 e	58.4 	61.2 	53.7 e	51.4 e	54.1 	51.6 	55.7 	53.9 	49.7 	: 	: 	: 	: 	: 	: 	: 	: 	: 
PC_POP,N_GE4,WORLD,DE	65.95 	61.44 	64.05 	64.6 	65.38 	64.51 	64.19 	67.3 	65.5 	65.8 	63 	63.5 	80.7 	82.1 	63.7 	65.7 	66.8 	79.5 	77.2 	73.4 	91.1 	82.4 	: 	: 	: 
PC_POP,N_GE4,WORLD,DK	48.8 e	60.7 e	73.83 	71.84 	73.47 	73.48 	69.2 	67.8 	65.6 	64.7 	65.9 	62.2 	62.5 	64 	62.1 	64.1 	61.2 	62.3 	76 	66.8 	62.3 	67.9 	73.4 	: 	: 
PC_POP,N_GE4,WORLD,EE	55.58 	43.87 	43.93 	41.47 	43.22 	38.83 	36.8 b	: 	: 	39 	33.7 	32.5 	22.7 	24.6 	20.4 	22.9 	26.2 	: 	: 	: 	: 	: 	: 	: 	: 
PC_POP,N_GE4,WORLD,EL	36.2 	33.2 	29.2 	30.17 	33 	27.86 	28.96 	29.4 	32.8 	41.2 	42.7 	42.2 	43.8 	47 	35.3 	42.8 	42.3 	44.4 	48 	42.8 	57.1 	65 	77.8 	39.5 	40 
PC_POP,N_GE4,WORLD,ES	52.72 	49.84 	50.46 	48 b	38.16 	38.87 	38.08 	40.4 	38 	41.6 	43 	43.5 	44.6 	39.8 	32.7 	50.3 	50.6 	51.3 	82.1 	64.1 	: 	: 	: 	: 	: 
PC_POP,N_GE4,WORLD,EU27	: 	: 	: 	: 	: 	48.87 e	49.2 e	51.4 e	51.8 e	: 	: 	: 	: 	: 	: 	: 	: 	: 	: 	: 	: 	: 	: 	: 	: 
PC_POP,N_GE4,WORLD,EU28	: 	: 	: 	: 	: 	48.6 e	49.09 	51.2 e	51.7 e	: 	: 	: 	: 	: 	: 	: 	: 	: 	: 	: 	: 	: 	: 	: 	: 
PC_POP,N_GE4,WORLD,FI	70.13 	69.1 	68.92 	70.83 	67.73 	68.76 	68.08 b	59.1 	57.9 	57.7 	58.1 	60.3 	57.3 	58.1 	54.9 	56.2 	54.1 	54.1 	52.4 	51.2 	50.5 	53.8 	47.5 	50.1 	51.5 
PC_POP,N_GE4,WORLD,FR	58.76 	57.35 	63.06 	65.02 	65.37 	65.79 	65.49 	63.7 	63.4 	65 	65.3 	65.7 	66.1 	66.9 	58.9 	58.9 	: 	57.9 	58.3 	59.6 	59.9 	60.5 	: 	: 	: 
PC_POP,N_GE4,WORLD,HR	35.37 	34.01 	30.82 	29.86 b	34.04 	29.51 	33.63 	31.1 	38.3 	38 	35.1 	35.5 	: 	: 	38.4 	: 	: 	: 	: 	: 	: 	: 	: 	: 	: 
PC_POP,N_GE4,WORLD,HU	37.8 	36.3 	36.72 	35.89 	34.7 	34.5 	35.5 b	31.2 	47.3 	45 	51.1 	33.6 	35 	49.8 	48.7 	: 	: 	: 	: 	: 	: 	: 	: 	: 	: 
PC_POP,N_GE4,WORLD,IE	57.9 	56.09 	56.12 	54.94 	56.2 	50.35 	52.75 	: 	: 	: 	: 	: 	: 	: 	: 	: 	: 	: 	: 	: 	80.2 	: 	: 	: 	: 
PC_POP,N_GE4,WORLD,IT	39.33 	36.32 	35.32 	36.5 	33.21 b	33.94 	39.83 	44.1 	47.4 	48.6 	46.2 	49.1 	49.1 	48.7 	48.9 	49.9 	49.5 	48.6 	46.8 	44.1 	45.1 	46.7 	: 	: 	: 
PC_POP,N_GE4,WORLD,LT	26.92 	27.53 	26.96 	28.11 	28.32 	26.93 	24.39 	37.6 	31.5 	29.5 	36.4 	27.1 	26.3 	25.6 	21.9 	: 	: 	: 	: 	: 	: 	: 	: 	: 	: 
PC_POP,N_GE4,WORLD,LU	44.49 	75.18 	75.54 	74.6 	67.12 	76.39 	72.37 	70 	61.4 	77.5 	77.2 	64.3 	49.7 	62.3 	62.2 	66.2 	62.5 	62.9 	61.7 	64.3 	63.8 	63.1 	: 	: 	: 
PC_POP,N_GE4,WORLD,LV	: 	31.92 	32.34 	30.03 	27 	27.71 	30.29 	26 	17.8 	17.7 	20 	18.6 	18.3 	19.4 	: 	: 	: 	: 	: 	: 	: 	: 	: 	: 	: 
PC_POP,N_GE4,WORLD,ME	: 	: 	: c	: 	: 	: 	: 	: 	: 	: 	: 	: 	: 	: 	: 	: 	: 	: 	: 	: 	: 	: 	: 	: 	: 
PC_POP,N_GE4,WORLD,MK	22.96 	: 	: 	: 	: 	: 	: 	: 	: 	: 	: 	: 	: 	: 	: 	: 	: 	: 	: 	: 	: 	: 	: 	: 	: 
PC_POP,N_GE4,WORLD,MT	54.83 	50.61 	45.3 	39.12 	39.85 	36.01 	33.58 	36.1 	41.7 	40.4 	35.2 	: 	: 	: 	: 	: 	: 	: 	: 	: 	: 	: 	: 	: 	: 
PC_POP,N_GE4,WORLD,NL	75.46 	75.43 	74.9 	72.8 	72.26 	73.61 	75.1 b	70.5 	70.6 	68.9 	69.5 	68.3 	68 	68.5 	69.5 	69.3 	67.8 	68 	67.9 	68.8 	68.9 	: 	: 	: 	: 
PC_POP,N_GE4,WORLD,NO	82.74 	81.24 	82.75 	79.87 	82.48 	82.05 	: 	76.1 	71.6 	72.6 	76.1 	72.3 	75 	71.2 	71 	72.4 	69.8 	71.3 	70.5 	71.6 	: 	: 	: 	: 	: 
PC_POP,N_GE4,WORLD,PL	40.94 	39.74 	38.64 	36.61 	36.49 	36.31 	33.17 	31.3 e	33.2 	36.7 	36.5 	34.2 	32.7 	32.8 	31.9 e	35 	: 	: 	: 	: 	: 	: 	: 	: 	: 
PC_POP,N_GE4,WORLD,PT	32.53 	30.37 	29.68 	17.06 	16.3 	27.28 	21.3 	22.4 	22.8 	25.4 	17 	19.3 	27.3 	28.3 	30.2 	28.2 	33.1 	33.2 	30.7 	31.3 	: 	: 	: 	: 	: 
PC_POP,N_GE4,WORLD,RO	11.04 	10.24 	9.66 	10.69 	10.46 	10.01 	10.1 	: 	: 	: 	: 	: 	: 	: 	: 	: 	: 	: 	: 	: 	: 	: 	: 	: 	: 
PC_POP,N_GE4,WORLD,SE	68.03 	66.94 b	48.77 	53.15 	47.58 	: 	80.1 	78.7 	77.9 	75.8 	77.7 	76.2 	75 	: 	: 	: 	: 	: 	: 	: 	: 	78.3 	: 	: 	: 
PC_POP,N_GE4,WORLD,SI	59.46 	55.62 	53.54 	52.29 	51.85 e	49.57 e	51.97 	58.9 	56.6 	58.1 	59.9 	61.7 	60.2 	59.3 	56.6 	56.7 	: 	: 	: 	: 	: 	: 	: 	: 	: 
PC_POP,N_GE4,WORLD,SK	53.03 	48.73 	47.87 	46.54 	39 	40.12 b	44.49 	48.1 	52.6 	51.7 	52 	: 	: 	: 	: 	: 	: 	: 	: 	: 	: 	: 	: 	: 	: 
PC_POP,N_GE4,WORLD,UK	: 	: 	43.59 	44.77 	43.26 	53.57 	56.85 	58.1 	60.4 	57.3 	57.6 	57.9 	60.7 	62.5 	59.8 	63.7 	43.9 	45.4 	45.5 	61.3 	75.2 	59.8 	58.8 	: 	: 
